Date,G0M910,A0M001,A0M005,A0M008,A0M033,A0M029,U0M019,A0M106,U0M107,U0M129,U0M083,A0M125,G0M920,G0M930,A0M041,A0M051,A0M047,A0M057,G0M930,A0M043,A0M044,A0M052,A0M051
Jan-59,28.2,40.2,294.1,47757,8350,1478,,1786.6,,1.5,95.2,,27,27.5,52478,2293.4,22.1,264136,27.5,6,2.1,2442.3,2293.4
Feb-59,28.5,40.3,286.2,50371,9955,1542,,1791.7,,1.5,95.8,,27.2,27.6,52688,2301.8,22.5,267869,27.6,5.9,1.9,2451.9,2301.8
Mar-59,29,40.4,259.7,51272,11248,1611,,1799.9,,1.2,96.4,,27.4,27.6,53014,2318.3,22.8,271230,27.6,5.6,1.8,2467.6,2318.3
Apr-59,29.1,40.5,246.1,50851,10205,1539,,1801.9,,1.2,96.9,,27.7,27.8,53321,2334.8,23.3,274505,27.8,5.2,1.5,2483.9,2334.8
May-59,29.3,40.7,248,49832,10695,1513,,1813.9,,1.4,97.5,,27.9,27.9,53550,2350.2,23.7,278235,27.9,5.1,1.4,2498,2350.2
Jun-59,29.4,40.6,259.4,49906,10892,1490,,1820.5,,1,97.2,,27.9,28.1,53681,2357.2,23.7,279130,28.1,5,1.4,2505.7,2357.2
Jul-59,29.5,40.3,265.5,49129,11050,1452,,1823.5,,0.9,96.9,,27.9,28.3,53804,2355.3,23.1,277202,28.3,5.1,1.3,2504.2,2355.3
Aug-59,29.4,40.4,293.5,47028,10177,1465,,1828.3,,0.9,96.7,,27.5,28.6,53336,2342.1,22.3,271301,28.6,5.2,1.3,2490.1,2342.1
Sep-59,29.4,40.4,273,46975,11050,1411,,1825.3,,0.9,96.4,,27.5,28.8,53428,2342,22.3,270691,28.8,5.5,1.3,2492.2,2342
Oct-59,29.3,40.1,313.1,46866,10677,1358,,1819.7,,0.6,96.1,,27.5,29,53358,2345,22.2,270908,29,5.7,1.3,2495.4,2345
Nov-59,29.1,39.9,353.6,45860,10037,1298,,1822.3,,0.5,95.8,,27.6,29,53634,2360.2,22.3,270586,29,5.8,1.4,2514.1,2360.2
Dec-59,29.7,40.3,277.2,49279,10844,1394,,1824.4,,0.7,98.7,,28.1,29,54174,2387.4,23.7,279092,29,5.3,1.3,2540,2387.4
Jan-60,29.8,40.6,282.6,48342,9969,1325,,1827.9,,0.7,101.7,,28.4,28.9,54274,2398.6,24.3,282732,28.9,5.2,1.3,2548.1,2398.6
Feb-60,29.8,40.3,272.6,47617,10289,1319,,1827.2,,0.5,104.6,,28.4,29.1,54513,2401,24.1,280922,29.1,4.8,1.2,2551,2401
Mar-60,29.6,40,305.3,46753,10127,1158,,1831.7,,0.4,102.6,,28.3,29.3,54454,2402.7,23.9,278432,29.3,5.4,1.4,2555.7,2402.7
Apr-60,29.7,40,296,47078,10562,1232,,1829.9,,0.4,100.6,,28.4,29.3,54813,2411.6,23.7,280255,29.3,5.2,1.3,2564.6,2411.6
May-60,29.7,40.1,318.1,46551,10563,1276,,1832.9,,0.5,98.6,,28.2,29.6,54475,2417.6,23.6,275044,29.6,5.1,1.1,2571.1,2417.6
Jun-60,29.8,39.9,323.8,46955,10479,1161,,1840.6,,0.8,98.2,,28.2,29.7,54348,2417.2,23.3,275582,29.7,5.4,1.2,2573.1,2417.2
Jul-60,29.8,39.9,337.7,46770,10127,1211,,1848.3,,0.7,97.9,,28.1,29.9,54306,2422.1,23.3,273867,29.9,5.5,1.3,2577.6,2422.1
Aug-60,29.9,39.7,366.1,48054,10109,1205,,1862.1,,0.8,97.5,,28.1,29.8,54272,2415.5,23.2,273943,29.8,5.6,1.3,2573.3,2415.5
Sep-60,30,39.4,353.8,47972,10089,1194,,1870.1,,1.2,96.1,,28.1,29.8,54227,2415.9,23,276494,29.8,5.5,1.4,2576.6,2415.9
Oct-60,30,39.7,375.7,47128,9820,1179,,1874.6,,1.4,94.8,,28.1,29.8,54142,2424,23,274692,29.8,6.1,1.7,2584.5,2424
Nov-60,29.9,39.3,387.6,46585,9497,1187,,1876.8,,1.5,93.4,,27.9,29.8,53961,2409.9,22.6,272946,29.8,6.1,1.7,2573.5,2409.9
Dec-60,30,38.4,383.9,45946,10438,1151,,1885.4,,1.9,93.9,,27.7,30,53742,2395.4,22.2,272127,30,6.6,1.6,2561.4,2395.4
Jan-61,30.2,39.3,396,44292,9960,1176,,1895.5,,2.4,94.4,,27.7,30,53683,2416.9,22.2,265276,30,6.6,1.9,2584.6,2416.9
Feb-61,30.3,39.4,432.6,44298,10022,1166,,1908.1,,1.2,94.9,,27.6,30,53557,2417,22.2,266802,30,6.9,2,2594.2,2417
Mar-61,30.7,39.5,381.5,47121,10031,1212,,1920,,1.7,96,,27.8,29.9,53659,2429.1,22.3,271018,29.9,6.9,2.1,2605.3,2429.1
Apr-61,31,39.5,383.8,47845,9933,1214,,1930.8,,2.3,97,,27.9,29.8,53627,2436.6,22.8,270503,29.8,7,2.3,2610.5,2436.6
May-61,31.3,39.7,360.5,48619,9676,1246,,1943.7,,1.7,98.1,,28,29.6,53786,2451.6,23.2,273683,29.6,7.1,2.4,2630.8,2451.6
Jun-61,31.7,40,336.2,49932,10233,1297,,1955.4,,2.2,98.2,,28.3,29.5,53977,2471.5,23.5,278733,29.5,6.9,2.3,2656,2471.5
Jul-61,31.8,40,350.9,48446,10707,1313,,1959,,2.8,98.4,,28.3,29.4,54123,2477.6,23.7,276599,29.4,7,2.6,2663.5,2477.6
Aug-61,32.3,40.1,318,51160,11210,1405,,1969.3,,2,98.5,,28.5,29.5,54298,2487.5,24,282920,29.5,6.6,2.3,2664.9,2487.5
Sep-61,32.4,39.5,331.8,50652,10583,1331,,1978.5,,2.1,97.9,,28.6,29.6,54388,2492.5,23.9,284851,29.6,6.7,2.2,2667.8,2492.5
Oct-61,32.8,40.3,306.4,50942,10695,1361,,1988.3,,1.7,97.4,,28.8,29.6,54522,2519.2,24.4,287546,29.6,6.5,2.1,2694.6,2519.2
Nov-61,33.3,40.7,306.8,53138,11056,1396,,2002,,1.3,96.8,,29,29.6,54742,2542.5,24.8,291546,29.6,6.1,2,2718.4,2542.5
Dec-61,33.5,40.4,298.5,54125,10487,1408,,2014,,1.7,99,,29.1,29.7,54872,2556.7,25,293028,29.7,6,1.9,2735,2556.7
Jan-62,33.6,40,302.9,53650,11099,1360,,2022.3,,1.9,101.2,,29.1,29.9,54891,2553.2,24.8,292959,29.9,5.8,1.8,2732.3,2553.2
Feb-62,34,40.4,297.4,53053,11855,1447,,2032.4,,1.7,103.4,,29.3,29.9,55188,2564.8,25.2,292501,29.9,5.5,1.8,2743.5,2564.8
Mar-62,34.1,40.6,289.3,52758,10585,1375,,2047.6,,1.1,101.1,,29.4,30.1,55275,2582.4,25.3,296989,30.1,5.6,1.7,2762.6,2582.4
Apr-62,34.3,40.6,285.2,51342,11593,1498,,2059.6,,1.1,98.8,,29.6,30.1,55602,2598.5,25.4,297280,30.1,5.6,1.6,2776.8,2598.5
May-62,34.3,40.6,302.8,52273,10949,1384,,2070.2,,1.5,96.5,,29.6,30.3,55628,2602.2,25.3,297773,30.3,5.5,1.6,2780.9,2602.2
Jun-62,34.2,40.5,306.2,51511,10782,1398,,2079.7,,1.2,95.5,,29.6,30.4,55644,2605.4,25.3,297245,30.4,5.5,1.5,2784.6,2605.4
Jul-62,34.4,40.5,305.2,52940,10869,1442,,2089.7,,1.3,94.4,,29.7,30.5,55746,2617.5,25.5,297567,30.5,5.4,1.5,2798,2617.5
Aug-62,34.6,40.5,307.3,53182,10847,1455,,2098.6,,1.1,93.4,,29.7,30.6,55838,2620.3,25.6,298989,30.6,5.7,1.5,2802.3,2620.3
Sep-62,34.7,40.5,302.4,53357,11102,1481,,2100.7,,1.1,95.3,,29.8,30.7,55978,2624,25.7,299765,30.7,5.6,1.5,2804,2624
Oct-62,34.8,40.3,306.5,54187,11278,1432,,2116.6,,1,97.3,,29.9,30.7,56041,2632.7,25.7,301757,30.7,5.4,1.4,2818.8,2632.7
Nov-62,35.2,40.5,301.3,54339,12102,1499,,2130.4,,1,99.2,,30,30.8,56056,2644.9,25.9,306286,30.8,5.7,1.5,2829.1,2644.9
Dec-62,35.3,40.3,312,53134,11432,1499,,2148.4,,0.9,99.4,,29.9,30.9,56028,2658.5,25.9,301169,30.9,5.5,1.5,2842.1,2658.5
Jan-63,35.6,40.5,311.9,54541,11629,1457,,2158,,0.9,99.7,,30,30.9,56115,2652.6,26,303028,30.9,5.7,1.6,2860,2652.6
Feb-63,35.9,40.5,303.1,56102,11944,1415,,2171.7,,0.9,99.9,,30.2,31,56230,2659.2,26.3,308698,31,5.9,1.6,2844.6,2659.2
Mar-63,36.2,40.5,289.6,56721,12123,1468,,2189.9,,1,98,,30.3,31.1,56320,2671.3,26.5,309815,31.1,5.7,1.5,2857.4,2671.3
Apr-63,36.6,40.5,295.5,58359,12149,1504,,2205.4,,1.1,96,,30.4,31.1,56580,2679.2,26.7,312984,31.1,5.7,1.5,2865.2,2679.2
May-63,36.8,40.5,289.7,57237,12668,1576,,2218.4,,0.9,94.1,,30.5,31.2,56616,2690.2,27.1,310648,31.2,5.9,1.6,2877.8,2690.2
Jun-63,37,40.7,285.7,56529,12059,1571,,2227.1,,1,95.1,,30.6,31.3,56659,2704.4,27.2,314361,31.3,5.6,1.5,2891.5,2704.4
Jul-63,37.2,40.6,283.9,58384,12169,1542,,2238.5,,1,96,,30.7,31.4,56794,2706,27,317970,31.4,5.6,1.5,2892.8,2706
Aug-63,37.3,40.6,291.9,55742,12594,1529,,2250.1,,0.5,97,,30.7,31.6,56910,2715.3,27.1,314454,31.6,5.4,1.6,2903,2715.3
Sep-63,37.7,40.6,287.2,56897,12768,1650,,2264.7,,0.6,97,,30.8,31.7,57078,2734.7,27.4,315703,31.7,5.5,1.5,2923,2734.7
Oct-63,38,40.7,284.4,58642,12811,1652,,2273.7,,0.6,97,,31,31.7,57283,2749.7,27.6,319788,31.7,5.5,1.5,2938.9,2749.7
Nov-63,38.1,40.7,278.3,58385,12447,1585,,2289.2,,0.6,97,,31,32,57255,2755.8,27.7,317466,32,5.7,1.5,2944.7,2755.8
Dec-63,38.3,40.6,303.4,59162,13017,1661,,2295.8,,0.8,97.8,,31.1,32.1,57361,2775.7,27.6,322563,32.1,5.5,1.4,2968.4,2775.7
Jan-64,38.5,40.1,285.3,60419,14204,1513,,2302.6,,0.7,98.6,,31.3,32,57487,2775.7,27.9,325782,32,5.6,1.5,2979.1,2775.7
Feb-64,38.9,40.7,271.8,59556,12671,1684,,2313.2,,0.7,99.4,,31.4,32.1,57753,2800.2,28.1,326712,32.1,5.4,1.4,2991,2800.2
Mar-64,39,40.6,279.1,59505,13552,1532,,2324.7,,0.8,98.7,,31.5,32.3,57897,2814.3,28.1,324614,32.3,5.4,1.4,3006.2,2814.3
Apr-64,39.3,40.7,266.8,61907,13354,1475,,2334,,0.8,97.9,,31.7,32.4,57922,2831.9,28.5,329636,32.4,5.3,1.3,3024.8,2831.9
May-64,39.6,40.8,264.4,61107,14722,1516,,2348.2,,0.7,97.2,,31.8,32.3,58089,2850.2,28.7,333411,32.3,5.1,1.3,3043,2850.2
Jun-64,39.9,40.8,258.4,61202,15149,1494,,2361.8,,0.7,97.8,,31.9,32.4,58219,2860.7,28.8,332546,32.4,5.2,1.4,3053.3,2860.7
Jul-64,40.2,40.8,261.4,63118,13911,1522,,2376.2,,0.8,98.5,,32,32.4,58412,2876.2,29,335745,32.4,4.9,1.4,3070.3,2876.2
Aug-64,40.5,40.9,245.8,61369,14066,1525,,2393.3,,0.7,99.1,,32.2,32.7,58619,2894.1,29.2,334969,32.7,5,1.3,3087.5,2894.1
Sep-64,40.9,40.9,247.3,64328,13996,1476,,2410,,0.8,99.8,,32.3,32.8,58903,2905.9,29.3,339838,32.8,5.1,1.3,3100.2,2905.9
Oct-64,40.9,40.7,251,61575,14336,1437,,2421.1,,0.8,100.4,,32.2,33,58793,2907.6,28.9,334146,33,5.1,1.2,3101.7,2907.6
Nov-64,41.2,41,264.1,62856,14503,1463,,2434.5,,0.6,101.1,,32.5,32.9,59218,2929.5,29.7,337384,32.9,4.8,1.3,3122.8,2929.5
Dec-64,41.6,41.2,252.9,65136,14807,1358,,2446.6,,0.3,101.7,,32.8,32.9,59421,2957.5,30.1,347956,32.9,5,1.2,3154,2957.5
Jan-65,42,41.3,244.7,65755,14699,1475,,2460,,0.3,102.4,,33,33.2,59582,2962.9,30.4,348449,33.2,4.9,1.1,3173.6,2962.9
Feb-65,42.1,41.3,249.9,65915,14407,1383,,2475.7,,0.2,103,,33.1,33.4,59800,2978.4,30.6,347482,33.4,5.1,1.2,3175.2,2978.4
Mar-65,42.5,41.3,239,66850,15602,1414,,2488.5,,0.2,103.2,,33.3,33.5,60003,2993.5,31,355333,33.5,4.7,1.1,3190.5,2993.5
Apr-65,42.7,41.2,239.2,66979,15382,1356,,2497.3,,0.1,103.4,,33.5,33.7,60259,3004.9,31.2,356515,33.7,4.8,1.1,3203.9,3004.9
May-65,42.9,41.3,225.2,66671,14969,1409,,2501.4,,0.1,103.7,,33.6,33.9,60491,3023.9,31.4,354174,33.9,4.6,1,3221.4,3023.9
Jun-65,43.1,41.2,226,67118,15487,1448,,2511.3,,0.2,103.9,,33.7,34,60690,3032.8,31.6,353839,34,4.6,1.1,3230.8,3032.8
Jul-65,43.3,41.2,232.4,68633,15782,1444,,2525.4,,0.1,104.1,,33.9,34,60965,3053.4,31.9,359406,34,4.4,0.9,3252.4,3053.4
Aug-65,43.5,41.1,249.7,68695,15366,1458,,2541.3,,0.1,104.3,,34.1,34.1,61228,3069.2,32.1,359765,34.1,4.4,1,3265.9,3069.2
Sep-65,43.8,41.1,219.9,65331,15880,1432,,2561.3,,0.3,105.3,,34.1,34.2,61490,3089.5,32.2,355065,34.2,4.3,1,3345.9,3089.5
Oct-65,44.3,41.2,210.3,67618,16348,1493,,2578,,0.3,106.3,,34.5,34.3,61719,3124.3,32.5,364556,34.3,4.2,0.9,3331.6,3124.3
Nov-65,44.7,41.3,214,69965,16620,1525,,2591.4,,0.4,107.3,,34.7,34.5,61996,3145.9,32.6,369794,34.5,4.1,0.9,3356.3,3145.9
Dec-65,45.1,41.3,208,71354,17779,1535,,2601.8,,0.3,104.9,,34.9,34.6,62322,3162.8,33,372206,34.6,4,0.9,3374.1,3162.8
Jan-66,45.3,41.5,223.4,70972,16871,1546,,2614.6,,0.2,102.4,,35.1,34.7,62529,3169.8,33.3,376323,34.7,4,0.8,3382.6,3169.8
Feb-66,45.5,41.7,220.1,71927,18361,1353,,2618.5,,0.2,100,,35.2,34.9,62796,3185.5,33.6,375887,34.9,3.8,0.8,3399.1,3185.5
Mar-66,45.9,41.6,183.2,74491,18101,1441,,2626.8,,0.2,98.7,,35.5,35,63192,3203.6,34,382746,35,3.8,0.8,3417.9,3203.6
Apr-66,46.1,41.8,179.9,72873,18589,1337,,2629.4,,0.1,97.3,,35.6,35.3,63437,3202.6,34.1,380054,35.3,3.8,0.8,3414.9,3202.6
May-66,45.9,41.5,193,72126,18632,1259,,2630.7,,-0.1,96,,35.7,35.5,63712,3213.2,34.4,376373,35.5,3.9,0.7,3425.9,3213.2
Jun-66,45.8,41.4,195.6,72517,18373,1116,,2630.2,,-0.4,94.2,,35.9,35.7,64111,3231.4,34.6,381806,35.7,3.8,0.6,3442.4,3231.4
Jul-66,45.7,41.2,200.3,71177,19219,1089,,2623.5,,-0.3,92.5,,36,36,64301,3246.4,34.7,377078,36,3.8,0.6,3456.5,3246.4
Aug-66,45.6,41.4,196,71194,17874,1024,,2622.9,,-0.3,90.7,,36.1,36.1,64507,3255.1,34.8,379489,36.1,3.8,0.6,3473.7,3255.1
Sep-66,45.5,41.2,198.9,72451,18736,905,,2630.2,,-0.2,90.5,,36.2,36.1,64643,3264.2,35.1,381549,36.1,3.7,0.6,3494.9,3264.2
Oct-66,45.4,41.3,204,72651,18310,862,,2624.8,,-0.5,90.4,,36.4,36.1,64854,3278.2,35.3,383666,36.1,3.7,0.6,3509.4,3278.2
Nov-66,45.4,41.2,209.7,71019,17513,859,,2629.8,,-0.6,90.2,,36.4,36.4,65019,3291.5,35.1,381063,36.4,3.6,0.6,3531.1,3291.5
Dec-66,45.3,40.9,220.9,70588,17600,867,,2640.3,,-0.6,92.3,,36.5,36.4,65199,3287.5,35.2,384357,36.4,3.8,0.6,3530,3287.5
Jan-67,45.6,41.1,208.7,70239,14977,1125,,2647.9,,-0.4,94.3,,36.6,36.5,65407,3315.9,35.3,384920,36.5,3.9,0.6,3562.8,3315.9
Feb-67,45.3,40.4,252,69829,15797,1025,,2664.1,,-0.4,96.4,,36.6,36.7,65429,3315.4,34.9,383443,36.7,3.8,0.6,3567.5,3315.4
Mar-67,45.6,40.5,247.6,69332,15946,1078,,2687.7,,0,95.7,,36.6,36.7,65530,3328.2,34.7,386220,36.7,3.8,0.6,3588.9,3328.2
Apr-67,45.7,40.4,263.6,70075,16067,1171,,2696.6,,0.5,95,,36.7,36.8,65466,3328.9,35.1,385968,36.8,3.8,0.6,3585.9,3328.9
May-67,46.1,40.4,234.7,70511,16364,1215,,2719.2,,0.9,94.3,,36.7,36.8,65620,3334.4,34.8,385652,36.8,3.8,0.5,3592.6,3334.4
Jun-67,46.4,40.4,221.7,71085,16854,1321,,2736.7,,1,94.7,,36.8,37,65750,3347.3,34.8,388516,37,3.9,0.5,3606.8,3347.3
Jul-67,46.7,40.5,232.1,70789,17151,1330,,2750.9,,1.4,95.1,,36.8,37,65888,3362.1,34.7,386006,37,3.8,0.5,3625.1,3362.1
Aug-67,47.2,40.6,211.6,73839,17468,1389,,2766.6,,1.4,95.5,,37.1,37,66143,3377,35.3,391191,37,3.8,0.6,3642.4,3377
Sep-67,47.3,40.6,215.3,71469,16636,1445,,2779.3,,1.3,94,,37.1,37,66164,3381.4,35.3,392572,37,3.8,0.6,3644.9,3381.4
Oct-67,47.5,40.6,216.6,70647,16704,1446,,2790.5,,1.6,92.6,,37.1,37.1,66225,3382.9,35.6,389848,37.1,4,0.6,3650,3382.9
Nov-67,47.8,40.6,199.4,72934,16914,1465,,2797.3,,1.6,91.1,,37.5,37,66703,3404.4,36.1,400349,37,3.9,0.6,3673.3,3404.4
Dec-67,48.2,40.7,214.7,76771,17739,1486,,2812.3,,1.2,92.2,,37.8,37.1,66900,3413.5,36.5,409250,37.1,3.8,0.6,3683.6,3413.5
Jan-68,48.3,40.4,215.5,75461,22097,1332,,2813.1,,0.9,93.2,,37.7,37.1,66804,3429.7,36.4,405145,37.1,3.7,0.6,3703.3,3429.7
Feb-68,48.5,40.8,196.8,74396,18960,1516,,2817.7,,0.9,94.3,,37.9,37.3,67215,3458.4,36.6,403869,37.3,3.8,0.6,3731.9,3458.4
Mar-68,48.6,40.8,196.1,74255,19099,1547,,2823.3,,0.7,92.8,,38,37.4,67295,3475.1,36.7,406874,37.4,3.7,0.6,3763.6,3475.1
Apr-68,48.8,40.3,198.8,74138,19681,1454,,2827.7,,-0.1,91.4,,38.1,37.6,67556,3485.4,36.7,406067,37.6,3.5,0.5,3780.4,3485.4
May-68,49.1,40.9,195.9,75590,19114,1465,,2834.1,,-0.2,89.9,,38.3,37.8,67652,3506.7,37.1,408913,37.8,3.5,0.5,3800.2,3506.7
Jun-68,49.3,40.9,191.8,76154,19545,1469,,2844.6,,-0.4,89.8,,38.5,37.9,67905,3524,37.3,411804,37.9,3.7,0.5,3818.1,3524
Jul-68,49.4,40.8,195.8,75365,21306,1519,,2851.5,,-0.5,89.7,,38.6,37.9,68126,3545.5,37.2,415734,37.9,3.7,0.5,3841.3,3545.5
Aug-68,49.2,40.7,197.2,72319,20259,1533,,2859.7,,-0.6,89.6,,38.6,38.1,68330,3558.7,37.3,408646,38.1,3.5,0.5,3859,3558.7
Sep-68,49.7,40.9,190.1,78238,19198,1655,,2871.5,,-0.3,90.3,,38.8,38.1,68484,3576.9,37.5,414366,38.1,3.4,0.5,3876.8,3576.9
Oct-68,50.1,41,184.4,79179,22237,1606,,2879.6,,-0.3,90.9,,39,38.2,68721,3582.4,37.5,419977,38.2,3.4,0.5,3883.5,3582.4
Nov-68,50.2,40.9,183.8,79456,19149,1622,,2894.5,,-0.1,91.6,,39.2,38.3,68984,3599.1,38,423598,38.3,3.4,0.5,3901.2,3599.1
Dec-68,50.2,40.7,199.4,78301,19664,1571,,2911.1,,0,93.7,,39.3,38.5,69248,3613.3,38.2,419670,38.5,3.4,0.4,3916.8,3613.3
Jan-69,50.3,40.8,194.2,78599,19724,1649,,2912.6,,-0.3,95.9,,39.4,38.7,69439,3614.6,38.4,419680,38.7,3.4,0.4,3920.5,3614.6
Feb-69,50.5,40.4,194.7,78529,22475,1689,,2918.6,,-0.4,98,,39.5,38.8,69699,3629.5,38.6,420334,38.8,3.4,0.4,3938.8,3629.5
Mar-69,50.6,40.8,185.3,78391,22196,1624,,2917.7,,-0.5,95.7,,39.7,39,69905,3647.6,38.9,421880,39,3.4,0.4,3956.9,3647.6
Apr-69,50.9,41,182.3,78386,26322,1627,,2911.4,,-1.2,93.4,,39.8,39.2,70072,3656.8,38.8,423704,39.2,3.4,0.5,3966.3,3656.8
May-69,50.6,40.7,181.6,78340,22387,1502,,2903.7,,-2.4,91.1,,39.8,39.4,70328,3671.3,38.6,423412,39.4,3.4,0.5,3981.6,3671.3
Jun-69,50.3,40.7,191.1,78388,21854,1525,,2899.7,,-2.3,89.6,,40,39.6,70636,3685.7,39,423169,39.6,3.5,0.5,3995.5,3685.7
Jul-69,50,40.6,200.3,79137,21869,1444,,2892.1,,-1.9,88.1,,40.1,39.7,70729,3706.1,39.2,423289,39.7,3.5,0.5,4017.6,3706.1
Aug-69,49.9,40.6,198.6,78862,21033,1489,,2887.1,,-2.5,86.6,,40.3,39.8,71008,3728.7,39.3,427881,39.8,3.5,0.5,4042.2,3728.7
Sep-69,50,40.6,194,80282,25281,1427,,2885.1,,-2,84.3,,40.3,39.8,70914,3739.1,39.3,429946,39.8,3.7,0.5,4052.8,3739.1
Oct-69,49.7,40.5,199.5,80146,21658,1374,,2881.7,,-1.9,81.9,,40.5,39.9,71121,3744.6,39.3,434919,39.9,3.7,0.5,4060.3,3744.6
Nov-69,49.5,40.5,206.8,77052,22345,1346,,2879.2,,-1.7,79.6,,40.4,39.9,71086,3748.8,38.9,428898,39.9,3.5,0.5,4064.5,3748.8
Dec-69,49.2,40.6,219.5,77027,22177,1306,,2878.2,,-1.3,78.3,,40.4,40.1,71241,3755,38.8,428107,40.1,3.5,0.5,4072.8,3755
Jan-70,48.6,40.4,250.9,74090,21449,1200,,2876.2,,-1.2,77.1,,40.2,40.3,71176,3761.6,38.1,422711,40.3,3.9,0.5,4080.2,3761.6
Feb-70,48.2,40.2,258.3,73359,21824,1263,,2848.9,,-1.7,75.8,,40.3,40.4,71305,3768.2,38.1,423087,40.4,4.2,0.6,4090.4,3768.2
Mar-70,47.9,40.1,267.5,73025,18864,1279,,2846.7,,-0.7,74.3,,40.3,40.5,71451,3782.7,38,418143,40.5,4.4,0.6,4106,3782.7
Apr-70,47.5,39.8,340.3,72255,19498,1383,,2837.6,,-0.7,72.7,,40.2,40.5,71348,3760.1,37.9,416030,40.5,4.6,0.7,4146.9,3760.1
May-70,47.5,39.8,304.2,73045,19793,1502,,2843.5,,0,71.2,,40.2,40.4,71124,3768.4,37.9,420548,40.4,4.8,0.7,4123.2,3768.4
Jun-70,47.5,39.8,296.5,74686,18849,1494,,2853.9,,0.2,72.7,,40.2,40.4,71029,3780.2,37.8,422233,40.4,4.9,0.8,4136,3780.2
Jul-70,47.6,40,281.8,73435,19754,1497,,2862.1,,0.3,74.2,,40.2,40.3,71053,3800.4,37.9,422683,40.3,5,0.8,4159.2,3800.4
Aug-70,47.7,39.8,291,73388,19045,1576,,2882.3,,0.9,75.7,,40.2,40.4,70937,3807.6,37.8,422488,40.4,5.1,0.9,4169.7,3807.6
Sep-70,47.7,39.6,324.5,73113,18858,1611,,2899.3,,1.1,74.2,,40.1,40.3,70944,3797.3,37.5,421754,40.3,5.4,0.9,4166.8,3797.3
Oct-70,47.6,39.5,329.1,69095,18129,1768,,2909.6,,1.1,72.8,,39.8,40.3,70521,3775.8,36.8,417366,40.3,5.5,0.9,4152.5,3775.8
Nov-70,47.6,39.5,324.8,68937,18925,1697,,2920.2,,1.2,71.3,,39.6,40.3,70409,3774,36.6,410361,40.3,5.9,1,4148.3,3774
Dec-70,48.3,39.5,304.1,74541,20166,1996,,2932.6,,1.5,72.8,,40,40,70792,3783.6,37.4,423384,40,6.1,1.3,4162.3,3783.6
Jan-71,48.5,39.9,297.5,75916,17595,1857,,2956.4,,2.1,74.4,,40.2,39.9,70865,3820.1,37.7,427532,39.9,5.9,1.3,4198.4,3820.1
Feb-71,49,39.7,283.5,76219,20402,1794,,2985.4,,2.4,75.9,,40.2,39.9,70807,3824.2,37.6,429920,39.9,5.9,1.3,4206.6,3824.2
Mar-71,49.4,39.8,293.3,76316,20013,1988,,3016.9,,2,75.9,,40.3,39.8,70860,3834.4,37.6,431703,39.8,6,1.3,4219.7,3834.4
Apr-71,49.6,39.9,284.4,74762,18211,1973,,3044.5,,1.7,75.9,,40.4,39.6,71036,3844.9,37.8,434051,39.6,5.9,1.4,4231,3844.9
May-71,49.9,40,292.2,74714,19504,2229,,3069.9,,1.8,75.9,,40.6,39.7,71247,3860.6,38,436171,39.7,5.9,1.4,4247.4,3860.6
Jun-71,50,39.9,290,74512,19917,2151,,3085.3,,1.6,76.7,,40.7,39.5,71254,3862.4,38.2,442161,39.5,5.9,1.4,4326.8,3862.4
Jul-71,50.2,40,296.8,75123,18020,2338,,3106.2,,1.4,77.6,,40.6,39.7,71315,3867.2,38,437068,39.7,6,1.5,4272.6,3867.2
Aug-71,50.3,39.8,324.7,76969,20386,2265,,3124.1,,1,78.4,,40.7,39.9,71373,3882.1,37.8,439815,39.9,6.1,1.5,4287.7,3882.1
Sep-71,50.5,39.7,304.4,76005,18454,2255,,3151.3,,0.6,78,,40.9,40,71614,3898.5,38.4,443775,40,6,1.5,4312.6,3898.5
Oct-71,50.8,39.9,296.7,76204,19903,2289,,3173.2,,0.7,77.6,,41,39.9,71642,3914.8,38.7,444082,39.9,5.8,1.5,4324.6,3914.8
Nov-71,51,40,286.6,77913,19363,2349,,3194.9,,0.9,77.2,,41.2,39.9,71847,3930.8,38.9,451590,39.9,6,1.5,4346.6,3930.8
Dec-71,51.6,40.2,267.6,80120,19379,2410,,3208.1,,1.8,81.8,,41.5,39.9,72109,3954.7,39.3,455807,39.9,6,1.5,4369.3,3954.7
Jan-72,52.1,40.2,268.9,80955,20061,2487,,3228.2,,2.5,86.3,,41.8,39.5,72441,3977.2,40.3,460625,39.5,5.8,1.5,4390.5,3977.2
Feb-72,52.7,40.4,263.4,82138,22048,2410,,3251.5,,2.8,90.9,,41.9,39.4,72648,3999.3,40.7,455653,39.4,5.7,1.5,4426.3,3999.3
Mar-72,53.1,40.4,262.3,81710,22129,2339,,3281.7,,2.2,88,,42.2,39.6,72944,4025.8,41,464095,39.6,5.8,1.4,4454.4,4025.8
Apr-72,53.4,40.5,263.7,82278,22160,2377,,3298.5,,2,85.1,,42.4,39.8,73162,4038.7,41.4,467248,39.8,5.7,1.4,4460.4,4038.7
May-72,53.7,40.5,267,82708,21881,2297,,3313.3,,1.9,82.2,,42.6,39.9,73469,4055.5,41.4,470126,39.9,5.7,1.3,4479.4,4055.5
Jun-72,54,40.6,293.9,84215,23041,2425,,3336.6,,1.7,85.2,,42.7,40,73758,4067.8,41.5,472177,40,5.7,1.3,4491.5,4067.8
Jul-72,54.4,40.5,283.6,81913,23652,2438,,3368.2,,1.6,88.3,,42.7,40.2,73709,4094.2,41.4,469245,40.2,5.6,1.3,4519,4094.2
Aug-72,55.1,40.6,255,86413,22297,2514,,3399.1,,1.4,91.3,,43.2,40.1,74141,4135.3,42,480493,40.1,5.6,1.3,4560.7,4135.3
Sep-72,55.7,40.6,255.2,88767,24699,2658,,3426.2,,1.7,90.1,,43.4,40.1,74264,4155.2,42.3,488756,40.1,5.5,1.3,4578.3,4155.2
Oct-72,56.2,40.7,250.4,88820,24100,2616,,3460.3,,1.4,89,,43.8,40.1,74674,4225.4,42.9,495503,40.1,5.6,1.3,4683.6,4225.4
Nov-72,56.7,40.7,243.1,90852,24797,2483,,3480.6,,1.2,87.8,,44.1,40.1,74973,4257.1,43.4,504982,40.1,5.3,1.2,4731.5,4257.1
Dec-72,57.3,40.6,246.3,93478,26885,2688,,3506.2,,1,83,,44.4,40.2,75268,4282,43.9,511717,40.2,5.2,1.1,4748.7,4282
Jan-73,57.7,40.4,228.3,95559,25730,2523,,3530.6,,0.5,78.1,,44.6,40.5,75617,4259.5,44.2,518235,40.5,4.9,1.1,4730.1,4259.5
Feb-73,57.9,40.9,220.5,97268,25115,2473,,3528.5,,0.1,73.3,,44.9,40.9,76014,4275.7,44.8,519044,40.9,5,1,4747.3,4275.7
Mar-73,57.8,40.9,227.2,97279,27013,2291,,3508.9,,-0.4,71.3,,44.9,41.1,76284,4278,44.8,516972,41.1,4.9,1,4753.2,4278
Apr-73,57.5,40.8,238.5,93995,29180,2120,,3501.8,,-0.5,69.3,,45,41.5,76455,4290.8,44.8,514833,41.5,5,0.9,4762,4290.8
May-73,57.5,40.7,235.5,94552,27555,2145,,3514.9,,-1,67.3,,45.1,41.6,76648,4306.4,45.1,513183,41.6,4.9,0.9,4783,4306.4
Jun-73,57.4,40.7,240,93551,27528,2278,,3522.3,,-1.6,65.9,,45.2,42.1,76887,4322.9,45.1,512159,42.1,4.9,0.9,4796.3,4322.9
Jul-73,57,40.7,242.3,92742,28240,2021,,3523,,-3.3,64.4,,45.3,42.2,76913,4340,45.3,519138,42.2,4.8,0.8,4810.5,4340
Aug-73,56.5,40.6,254.1,92154,27451,2010,,3492.5,,-3.1,63,,45.3,42.6,77168,4323.2,45.2,508410,42.6,4.8,0.9,4796.6,4323.2
Sep-73,56.2,40.7,247.4,91554,27733,1894,,3480.7,,-3.7,64.4,,45.5,42.8,77276,4349.9,45.6,511920,42.8,4.8,0.9,4824.8,4349.9
Oct-73,56.1,40.6,241.3,93090,30282,1569,,3474.8,,-3.2,65.7,,45.8,42.8,77607,4390.3,46,525051,42.8,4.6,0.9,4867,4390.3
Nov-73,55.8,40.6,255.7,94632,30713,1557,,3472.3,,-3.3,67.1,,46.1,42.9,77920,4400.4,46.2,533544,42.9,4.8,0.9,4878.1,4400.4
Dec-73,55.2,40.6,290.5,92252,30501,1431,,3470.7,,-3.2,61.2,,46,43.2,78031,4390.4,46.1,526403,43.2,4.9,0.8,4865.1,4390.4
Jan-74,54.8,40.5,313.3,93790,29992,1478,,3454.7,,-2.7,55.3,,45.9,43.4,78100,4338.4,45.7,526877,43.4,5.1,0.9,4823.8,4338.4
Feb-74,54.5,40.4,317.9,93230,31464,1511,,3432.8,,-2,49.4,,45.8,43.4,78254,4310.6,45.6,524292,43.4,5.2,0.9,4794.8,4310.6
Mar-74,54.3,40.4,313.7,91883,32348,1600,,3416.6,,-2.1,54.2,,45.8,43.5,78296,4280.8,45.6,526065,43.5,5.1,0.9,4763.4,4280.8
Apr-74,53.6,39.5,292.4,92021,30733,1393,,3403.5,,-3,59.1,,45.7,43.8,78382,4259.4,45.5,522230,43.8,5.1,1,4760.4,4259.4
May-74,53.3,40.3,294.9,94707,29568,1264,,3376.8,,-3.7,63.9,,45.8,44.2,78549,4262.2,45.8,524529,44.2,5.1,1,4764.9,4262.2
Jun-74,52.7,40.2,311.9,93345,29393,1207,,3360.8,,-4.4,61.8,,45.8,44.5,78604,4260.1,45.8,522699,44.5,5.4,1,4761.7,4260.1
Jul-74,52.2,40.1,309,91513,33308,1113,,3349.8,,-5.1,59.7,,45.8,44.7,78636,4263.5,45.8,521503,44.7,5.5,1,4780.3,4263.5
Aug-74,51.3,40.2,342.4,90217,30260,1019,,3325.3,,-4,57.6,,45.7,45,78619,4257.3,45.3,516445,45,5.5,1,4772.3,4257.3
Sep-74,50.3,40,360.2,87440,28593,933,,3305.3,,-3.3,55.5,,45.6,45.2,78610,4252.3,45.4,512070,45.2,5.9,1.1,4767.5,4252.3
Oct-74,49.7,40,404.7,85637,25411,915,,3301.7,,-2.2,53.3,,45.5,45.4,78630,4261.2,45.2,503301,45.4,6,1.2,4782.7,4261.2
Nov-74,48.9,39.5,470.2,82205,24280,870,,3296.5,,-1.8,51.2,,45.1,45.4,78265,4228,43.7,497916,45.4,6.6,1.2,4754.4,4228
Dec-74,48,39.3,523.7,76125,23520,965,,3283.5,,-1.1,50.8,,44.4,45.6,77652,4212,42.2,483320,45.6,7.2,1.4,4751.4,4212
Jan-75,47.6,39.2,560.6,74985,24861,807,,3278.4,,0.4,50.4,,44.2,45.4,77293,4198.6,41.6,482107,45.4,8.1,1.7,4747,4198.6
Feb-75,47.5,38.9,541,74527,22106,810,,3288.7,,1.2,50,,43.9,45,76918,4179.2,40.6,478991,45,8.1,2,4744.7,4179.2
Mar-75,47.3,38.8,546.3,72104,20610,788,,3316.7,,2.2,56.6,,43.6,44.8,76648,4178.7,40.2,464603,44.8,8.6,2.2,4748.1,4178.7
Apr-75,47.9,39,516.4,74829,22998,962,,3341.6,,2.7,63.2,,43.5,44.4,76460,4173.5,40.3,469258,44.4,8.8,2.6,4753.8,4173.5
May-75,48.2,39,496.3,75369,21002,1016,,3373.9,,2.8,69.8,,43.6,44,76624,4195.8,40.1,469150,44,9,2.8,4783.1,4195.8
Jun-75,48.6,39.2,495,76419,20684,1051,,3406.3,,2.3,70.1,,43.7,43.2,76521,4204.3,40.4,473368,43.2,8.8,3,4866.5,4204.3
Jul-75,49.1,39.4,449,79897,21477,1133,,3419.7,,2,70.4,,43.9,43.2,76770,4202.5,40.8,475718,43.2,8.6,3.1,4812.7,4202.5
Aug-75,49.2,39.7,451.1,81435,22060,1105,,3433,,2.3,70.7,,44.2,43,77153,4237.9,41.2,481299,43,8.4,3,4848.6,4237.9
Sep-75,49.4,39.8,444.9,81707,20971,1182,,3445.2,,2.2,70.4,,44.3,43,77228,4250,41.7,482452,43,8.4,3.1,4860.1,4250
Oct-75,49.8,39.9,417.6,82254,21420,1217,,3447.1,,2.3,70.2,,44.5,43,77540,4268.3,41.9,483041,43,8.4,2.9,4882.9,4268.3
Nov-75,50,39.9,396.8,81716,21028,1233,,3456.3,,2.8,69.9,,44.6,43,77685,4277.4,42,482333,43,8.3,3,4882.6,4277.4
Dec-75,50.3,40.2,373.9,82495,20091,1212,,3469.1,,2.8,73.7,,44.8,43,78017,4279.2,42.6,487442,43,8.2,3,4889.6,4279.2
Jan-76,51,40.3,373.1,84600,21310,1328,,3491.2,,2.9,77.4,,45.2,43,78503,4303,43.1,499510,43,7.9,2.9,4921.6,4303
Feb-76,51.8,40.4,348,86316,22960,1323,,3533.4,,3,81.2,,45.5,43,78816,4331.6,43.6,501703,43,7.7,2.7,4950.4,4331.6
Mar-76,52,40.2,360.2,88156,21553,1293,,3561,,2.9,80.6,,45.6,43,79048,4349.2,43.6,505496,43,7.6,2.6,4963.7,4349.2
Apr-76,52.2,39.6,371.3,87467,23879,1258,,3589.5,,2.7,80.1,,45.8,43,79292,4372.5,43.9,507914,43,7.7,2.3,4982.6,4372.5
May-76,52.6,40.3,392.7,88295,22755,1327,,3610.4,,2.6,79.5,,45.9,43,79312,4385.6,44.1,507353,43,7.4,2.2,4988,4385.6
Jun-76,52.8,40.2,396.3,88185,22782,1320,,3613.2,,2.4,81.5,,46,42.9,79376,4389.1,44.1,513589,42.9,7.6,2.4,4995.6,4389.1
Jul-76,53.3,40.3,389.8,88283,26255,1383,,3624,,2.5,83.5,,46.1,43,79547,4404,44.4,513947,43,7.8,2.4,5026.5,4404
Aug-76,53.5,40.2,388.1,88658,23552,1455,,3645.3,,2.5,85.5,,46.3,43,79704,4421.4,44.7,515723,43,7.8,2.5,5040.8,4421.4
Sep-76,53.8,40.2,403.3,88573,23754,1646,,3664.8,,2.3,85.6,,46.4,43.1,79892,4428.6,44.8,517215,43.1,7.6,2.4,5045.2,4428.6
Oct-76,53.9,40,408.7,87237,24245,1583,,3692.3,,2.4,85.8,,46.3,43.3,79911,4432,44.8,511113,43.3,7.7,2.4,5043.5,4432
Nov-76,54.4,40.1,389.3,90684,23640,1701,,3718.8,,2.3,85.9,,46.7,43.4,80240,4468.6,45.5,519611,43.4,7.8,2.4,5087.7,4468.6
Dec-76,54.9,39.9,368,93296,25328,1679,,3742.9,,2.2,85.3,,47,43.3,80448,4483.7,45.9,533071,43.3,7.8,2.4,5103.3,4483.7
Jan-77,54.9,39.4,407.1,93885,24929,1607,,3763.9,,2.6,84.8,,47,43.4,80690,4466.8,45.6,529595,43.4,7.5,2.3,5078.7,4466.8
Feb-77,55.3,40.2,450.3,95070,24483,1734,,3774.5,,2.7,84.2,,47.3,43.5,80988,4482.8,46.4,536796,43.5,7.6,2.2,5095,4482.8
Mar-77,56,40.3,356.9,98752,24810,1844,,3790.3,,2.8,84,,47.6,43.5,81391,4503.8,47,543289,43.5,7.4,2.1,5117.7,4503.8
Apr-77,56.2,40.4,371.3,96065,25253,1844,,3803.7,,2.6,83.8,,47.8,43.7,81728,4526.3,47.4,542632,43.7,7.2,2,5139.5,4526.3
May-77,56.5,40.5,379.6,97170,25511,1853,,3814.1,,2.1,83.6,,48,43.8,82088,4550.1,47.8,542974,43.8,7,2,5152.4,4550.1
Jun-77,56.9,40.5,357.4,98021,25983,1946,,3820.5,,1.9,82.9,,48.3,44,82488,4564.7,48.1,547873,44,7.2,1.9,5160.5,4564.7
Jul-77,56.9,40.4,364.1,97757,25732,1874,,3828.5,,1.9,82.2,,48.5,44.1,82834,4581.9,48.2,549364,44.1,6.9,1.9,5189,4581.9
Aug-77,57.2,40.4,366.7,98581,26017,1978,,3842.8,,1.5,81.5,,48.6,44.4,83075,4594.6,48.2,550272,44.4,7,1.8,5209.4,4594.6
Sep-77,57.3,40.4,361.5,98567,27151,1860,,3856.9,,1.2,79.6,,48.8,44.5,83532,4631.2,48.5,552292,44.5,6.8,1.9,5241.9,4631.2
Oct-77,57.4,40.6,361.5,98146,26786,1953,,3863.1,,1.1,77.8,,49.1,44.6,83800,4684.4,48.5,556429,44.6,6.8,1.8,5287.3,4684.4
Nov-77,57.6,40.5,353,100027,26754,1969,,3866.7,,1.1,75.9,,49.3,44.8,84173,4713.6,48.6,558971,44.8,6.8,1.8,5329,4713.6
Dec-77,57.7,40.4,357.4,100986,27328,1949,,3872.2,,1.1,75.8,,49.5,44.7,84410,4738.8,48.7,566379,44.7,6.4,1.7,5352.7,4738.8
Jan-78,57.3,39.5,350.6,96181,25825,1812,,3877.9,,1.3,75.7,0.7,49.3,45.2,84594,4720.3,48,549039,45.2,6.4,1.6,5333.6,4720.3
Feb-78,57.6,39.9,381.5,98691,28257,1808,,3877.5,,1.3,77.2,0.6,49.6,45.3,84948,4745.3,48.2,561631,45.3,6.3,1.6,5357.6,4745.3
Mar-78,58.1,40.5,342.9,100134,28216,1873,,3872.6,,1.3,69.5,0.2,50,45.4,85460,4774.9,49.2,567270,45.4,6.3,1.5,5388.1,4774.9
Apr-78,58.8,40.4,323.7,105240,29708,2028,,3867.8,,1.3,71.1,0.5,50.6,45.4,86162,4813.1,50.2,584456,45.4,6.1,1.5,5418.9,4813.1
May-78,59,40.4,326.3,103885,31215,1839,,3870.2,,1,73,0,50.8,45.7,86509,4815,50.4,583900,45.7,6,1.4,5425.1,4815
Jun-78,59.3,40.6,333.3,104355,29524,2065,,3868.6,,0.9,68.1,0.1,51.1,46,86950,4843.3,50.7,587137,46,5.9,1.3,5445.1,4843.3
Jul-78,59.2,40.6,350.6,102529,29497,1860,,3863.8,,0.8,72,0,51.1,46.2,87204,4853.9,50.7,582300,46.2,6.2,1.3,5474.9,4853.9
Aug-78,59.6,40.5,335.3,103700,30707,1761,,3871.7,,0.4,67,-0.3,51.3,46.4,87483,4876,50.9,589894,46.4,5.9,1.2,5499.7,4876
Sep-78,59.8,40.5,324.3,102822,31103,1824,,3883,,0,69.8,-0.2,51.4,46.7,87621,4889.1,51,588547,46.7,6,1.3,5507,4889.1
Oct-78,59.9,40.5,327.8,104120,32335,1855,,3873.3,,-0.3,71.7,0.2,51.7,46.8,87956,4910.5,51.4,593798,46.8,5.8,1.3,5527.2,4910.5
Nov-78,59.5,40.6,344.9,104720,29735,1869,,3870.8,,-1,62.8,-1,51.9,47.2,88391,4916.6,51.8,596371,47.2,5.9,1.2,5536.6,4916.6
Dec-78,59.5,40.5,349.7,105855,29872,1894,,3872.3,,-1,53.8,-1.2,52.1,47.4,88671,4948.4,52,599564,47.4,6,1.2,5568.1,4948.4
Jan-79,59.2,40.4,357.2,104735,30599,1521,,3859.1,,-1,58.4,-1.2,52.1,47.6,88808,4960.6,51.7,593005,47.6,5.9,1.2,5586.9,4960.6
Feb-79,59.1,40.5,359.8,102776,31801,1553,,3855.9,,-1,62.2,-0.8,52.2,47.8,89055,4989.1,52,590202,47.8,5.9,1.2,5609.3,4989.1
Mar-79,59.6,40.6,358.6,105987,37002,1791,,3853.8,,-1,53.7,-1.6,52.6,47.6,89479,5004.3,52.2,607282,47.6,5.8,1.3,5626.3,5004.3
Apr-79,58.5,39.3,415.2,102119,30634,1663,,3853.4,,-0.8,53.3,-1.5,52.2,48.2,89417,4955.8,51.6,590898,48.2,5.8,1.2,5581.5,4955.8
May-79,58.9,40.2,343.3,104010,31651,1754,,3835.9,,-1,54.9,-1.6,52.5,48.3,89789,4941.1,52,603979,48.3,5.6,1.2,5562.1,4941.1
Jun-79,58.5,40.2,365,103656,30495,1708,,3839.1,,-1.4,51.4,-1.9,52.6,48.7,90108,4948.7,52,597813,48.7,5.7,1.1,5559,4948.7
Jul-79,58.1,40.2,379.1,101209,30079,1598,,3841.6,,-1.5,44.2,-2.5,52.6,48.9,90217,4954.3,51.9,597057,48.9,5.7,1.1,5601,4954.3
Aug-79,57.8,40.1,387.3,98672,30542,1657,,3843.8,,-1.9,49.3,-2.4,52.6,49.2,90300,4962.7,51.6,598094,49.2,6,1.1,5609.4,4962.7
Sep-79,57.5,40.1,384.8,99100,30490,1705,,3829.9,,-2.1,53.6,-2,52.6,49.6,90327,4966.2,51.6,594717,49.6,5.9,1.1,5608.8,4966.2
Oct-79,56.9,40.2,401.7,97690,32229,1542,,3815.4,,-3.5,49.5,-1.9,52.7,50,90481,4964.7,51.9,592940,50,6,1.2,5608.7,4964.7
Nov-79,56.3,40.1,417.9,96622,31444,1329,,3803.4,,-2.5,52,-1.9,52.7,50.3,90573,4979.8,51.9,593165,50.3,5.9,1.2,5626.1,4979.8
Dec-79,55.8,40.1,430.8,96359,29842,1306,,3791.7,,-3.4,51.5,-1.8,52.8,50.4,90672,4991.5,51.9,591432,50.4,6,1.2,5639.6,4991.5
Jan-80,55.7,40,416.6,96598,32650,1333,,3775.4,,-3,54.1,-1.8,52.9,50.6,90800,4985.1,52.2,596440,50.6,6.3,1.3,5646.9,4985.1
Feb-80,55.5,40.1,419,98304,31073,1249,,3764.8,,-1.7,54.9,-1.8,52.8,50.8,90883,4965.6,52.2,590829,50.8,6.3,1.3,5620.8,4965.6
Mar-80,54.2,39.9,439.5,93417,30340,1029,,3732.1,,-4.4,44.3,-2.2,52.6,51.5,90994,4948.2,52,577376,51.5,6.3,1.4,5590.8,4948.2
Apr-80,52.5,39.8,556.3,87793,25858,842,,3718.7,,-6.1,44.4,-3,52.3,52,90849,4938.4,51,565016,52,6.9,1.6,5584.2,4938.4
May-80,51.8,39.3,626.4,83655,26046,896,,3714.8,,-0.8,45.3,-2.9,51.8,51.6,90420,4917.5,49.7,557782,51.6,7.5,1.6,5566.9,4917.5
Jun-80,52,39.2,606.2,84122,27345,1165,,3732.8,,0.3,53,-2.3,51.6,51.1,90101,4925.9,49.1,556176,51.1,7.6,1.6,5580.8,4925.9
Jul-80,52.4,39.1,556.6,86328,30422,1311,,3743.5,,1.2,53.4,-1.8,51.5,50.1,89840,4909.5,48.7,563194,50.1,7.8,1.9,5622.9,4909.5
Aug-80,52.8,39.5,517.4,88308,28151,1424,,3751,,1.5,59.6,-1.1,51.7,49.6,90099,4927.6,48.9,567254,49.6,7.7,2,5635.3,4927.6
Sep-80,53.3,39.6,482,92850,29319,1545,,3746.4,,0.6,67.9,-0.4,52,49.1,90213,4944.8,49.7,579201,49.1,7.5,2.2,5660.3,4944.8
Oct-80,53.7,39.8,426.5,96522,29358,1423,,3742.1,,-1.1,69.6,-0.3,52.5,49,90490,5002.5,50.3,591298,49,7.5,2.1,5709.7,5002.5
Nov-80,53.7,39.9,410.6,95311,27715,1440,,3737.6,,-3.2,76.9,0.1,52.7,49.2,90747,5026.9,51.1,591691,49.2,7.5,2.2,5724.2,5026.9
Dec-80,53.4,40.1,409.6,96020,31038,1300,,3722.8,,-6.1,60.4,-0.8,52.9,49.7,90943,5047.8,51.5,593152,49.7,7.2,2.2,5752.4,5047.8
Jan-81,52.8,40.1,413.7,90881,30388,1272,,3703.7,,-6.5,67.9,-0.8,52.9,50,91033,5035,51.2,596763,50,7.5,2.2,5734.6,5035
Feb-81,52.4,39.8,428.3,94469,29056,1249,,3693.6,,-2.7,62.1,-1.2,52.8,50.2,91105,5020.9,51,594304,50.2,7.4,2.2,5719.3,5020.9
Mar-81,52.6,40,407.2,94230,29578,1232,,3708.6,,-1.6,62.1,-0.8,52.9,50.1,91210,5036,51.2,588164,50.1,7.4,2.1,5738,5036
Apr-81,52.8,40.1,408.8,95435,31785,1239,,3743.4,,-2,68.8,-0.3,52.9,50.1,91283,5032.4,51,588493,50.1,7.2,2,5728,5032.4
May-81,52.5,40.2,416.8,95807,28231,1221,,3737.9,,-4.4,73.6,0,52.9,50.8,91296,5049,51.3,584331,50.8,7.5,2,5745.7,5049
Jun-81,52.1,40,432.4,95842,30089,1017,,3736.8,,-5.6,71.2,-0.1,53,50.9,91490,5081.1,51.5,582789,50.9,7.5,2.1,5777.5,5081.1
Jul-81,51.7,39.9,434.5,94831,28671,974,,3740.1,,-4.8,67.1,-0.3,53.3,51.1,91601,5135.1,51.9,584129,51.1,7.2,2,5864.5,5135.1
Aug-81,51.4,40,443.5,91856,28930,926,,3744.3,,-2.9,70.8,0,53.3,51.2,91565,5160.9,51.8,581790,51.2,7.4,2.1,5887.1,5160.9
Sep-81,50.7,39.6,476.9,90219,27356,882,,3747.5,,-0.6,69,-0.6,53.2,51.6,91477,5156.4,51.6,577787,51.6,7.6,2.1,5878.9,5156.4
Oct-81,50.4,39.6,493.3,87707,26678,762,,3765.1,,0.1,62.2,-1,52.9,51.5,91380,5139.3,51.2,569936,51.5,7.9,2.1,5857.4,5139.3
Nov-81,50.2,39.4,511.3,85923,27613,779,,3776.1,,0.1,56.3,-1.4,52.8,51.4,91171,5142.5,50.6,565530,51.4,8.3,2.1,5864.6,5142.5
Dec-81,50,39.2,534.8,84940,25365,829,,3806.5,,1.4,56.8,-1.3,52.5,51.2,90895,5139.6,50.1,558209,51.2,8.5,2.2,5861.3,5139.6
Jan-82,49.5,37.3,545.2,84736,26024,827,,3816.2,,1.4,62.9,-1,52.2,51.3,90565,5129.3,49,555271,51.3,8.6,2.2,5848.2,5129.3
Feb-82,49.8,39.6,533.7,85586,26434,842,,3813.6,,-0.4,58.7,-1.4,52.5,50.9,90563,5148.2,50,564135,50.9,8.9,2.5,5872.9,5148.2
Mar-82,49.5,39.1,556.5,87129,25336,928,,3829.5,,-0.8,53.1,-1.7,52.4,50.7,90434,5143.7,49.7,564586,50.7,9,2.7,5868.7,5143.7
Apr-82,49.5,39.1,586.7,86345,25537,925,,3864.8,,-1.1,61.1,-1.1,52.3,50.8,90150,5173,49.2,565223,50.8,9.3,2.8,5909.2,5173
May-82,49.3,39.1,585.8,87035,22684,992,,3866.6,,-0.8,62,-1,52.3,50.7,90107,5174.1,48.9,568132,50.7,9.4,3,5908.5,5174.1
Jun-82,48.9,39.2,596.9,86422,22063,951,,3861.1,,0.2,60.1,-1.2,52,50.9,89865,5152,48.8,560077,50.9,9.6,3.1,5888.3,5152
Jul-82,49,39.2,569.7,86892,22582,1088,,3850,,1.4,57.6,-1,51.8,50.8,89521,5132.4,48.6,557918,50.8,9.8,3.2,5888.1,5132.4
Aug-82,48.6,39,629.6,84966,21356,964,,3866.7,,2.9,60.9,-1.1,51.7,50.7,89363,5142.3,48.2,552803,50.7,9.8,3.3,5899,5142.3
Sep-82,49,39,671.7,85981,22143,1086,,3883.6,,2,66.9,-0.6,51.6,50.5,89183,5131.2,48,553870,50.5,10.1,3.5,5895.9,5131.2
Oct-82,49.2,38.9,641.8,82255,23626,1197,,3885.4,,1.2,70.4,-0.8,51.4,50.2,88907,5120.4,47.6,548170,50.2,10.4,3.8,5891.2,5120.4
Nov-82,49.3,39,594.4,82324,21716,1280,,3902.8,,1.4,71,-0.6,51.3,49.8,88786,5123.8,47.4,549662,49.8,10.8,4,5913.2,5123.8
Dec-82,49.7,39,517.9,82444,20990,1407,,3942.9,,1.6,67.9,-0.6,51.3,49.3,88771,5152.9,47.1,548152,49.3,10.8,4.2,5942.7,5152.9
Jan-83,50.6,39.3,492.8,86836,21375,1485,,4034.7,,1.8,65.2,-0.5,51.6,49,88990,5157.5,48,558612,49,10.4,4.2,5934.8,5157.5
Feb-83,51.2,39.3,488.7,87798,21297,1532,,4104.8,,2.2,71.2,0.1,51.5,49,88917,5157.1,47.7,556259,49,10.4,4.2,5938.4,5157.1
Mar-83,51.9,39.6,479.3,87688,23424,1536,,4137.2,,1.7,80.9,1.1,51.8,48.9,89090,5176.9,48.1,565588,48.9,10.3,4.2,5966.5,5176.9
Apr-83,52.3,39.7,497,89345,23261,1630,,4145.8,,1.6,86.9,1.3,52,49,89364,5184.9,48.7,565536,49,10.2,3.9,5970.9,5184.9
May-83,53.1,40,468.1,91798,23233,1738,,4163.6,,1.8,93.4,1.8,52.3,48.8,89644,5208.7,49,574325,48.8,10.1,4.1,6001.2,5208.7
Jun-83,53.8,40.1,435.1,94270,23975,1842,,4169.3,,1.9,89.2,1.6,52.6,49,90021,5223.2,49.3,589080,49,10.1,4,6009.4,5223.2
Jul-83,54.3,40.3,404.3,95320,23287,1869,,4168.8,,2,90.5,1.5,52.9,49.1,90437,5254.2,50,588767,49.1,9.4,3.9,6026.7,5254.2
Aug-83,54.5,40.3,435.9,96511,23998,1784,,4169.4,,2.3,88.2,1.4,52.9,49.3,90129,5248.6,50.6,587805,49.3,9.5,3.6,6018.3,5248.6
Sep-83,55.2,40.6,409.1,97289,26853,1651,,4173.4,,2.2,85.8,1.2,53.5,49.3,91247,5294.9,51.3,596800,49.3,9.2,3.4,6060,5294.9
Oct-83,55.9,40.6,399.5,100248,27144,1787,,4198.2,,2.1,86.1,1.2,53.9,49.3,91520,5356.6,51.7,603340,49.3,8.8,3.3,6118.4,5356.6
Nov-83,56.3,40.6,385.1,101101,24947,1737,,4218.5,,2.4,87.9,1.4,54.2,49.6,91875,5391.6,51.9,609531,49.6,8.5,3.1,6168.1,5391.6
Dec-83,56.9,40.5,369.8,102336,25301,1694,,4238.5,,2.4,91,1.7,54.5,49.8,92230,5442.1,52.2,620820,49.8,8.3,3,6223.4,5442.1
Jan-84,57.6,40.6,350.9,103216,27101,1867,,4249.4,,2.1,97,2,54.9,49.9,92673,5464.8,53.2,624833,49.9,8,2.9,6245.7,5464.8
Feb-84,58.1,41.1,340.5,103087,27093,2043,,4260.5,,2.3,93.2,1.4,55.2,50.4,93157,5505.6,53.5,624496,50.4,7.8,2.7,6281.8,5505.6
Mar-84,58.2,40.7,345.5,101612,27663,1773,,4280,,2.4,97.7,1.5,55.4,50.7,93429,5541.8,53.7,625031,50.7,7.8,2.6,6320.2,5541.8
Apr-84,58.5,40.8,369.4,101939,26603,1826,,4296.1,,2.3,91.4,1.5,55.7,51.1,93792,5580.6,54,628493,51.1,7.7,2.5,6360.9,5580.6
May-84,58.9,40.7,357.7,101458,29482,1790,,4315,,3.1,90.6,1.2,55.9,51.4,94098,5596.7,54.3,633459,51.4,7.4,2.5,6375.5,5596.7
Jun-84,59.1,40.6,362.9,100098,28006,1865,,4328.8,,2.5,89.8,1.1,56.2,51.8,94479,5643.8,54.5,639093,51.8,7.2,2.3,6423.4,5643.8
Jul-84,59.2,40.6,360.3,102840,28513,1650,,4329.8,,2.1,91.9,1,56.3,52.2,94789,5660.3,54.7,635680,52.2,7.5,2.3,6437.9,5660.3
Aug-84,59.3,40.5,390.1,102226,27797,1573,,4329.9,,1.1,93.7,1.1,56.5,52.5,95032,5698.9,54.7,635520,52.5,7.5,2.3,6480,5698.9
Sep-84,59.3,40.5,398,98559,27116,1566,,4351.1,,1.2,96.4,1.1,56.7,52.8,95344,5751.4,54.6,634737,52.8,7.3,2.2,6529.4,5751.4
Oct-84,59.5,40.5,419.3,100013,28053,1532,,4368.9,,2.2,91.6,1,56.7,53,95629,5727,54.6,637400,53,7.4,2.2,6510.1,5727
Nov-84,59.8,40.4,401.3,100292,28124,1689,,4406.3,,2.1,91.5,1,57,52.9,95982,5758.7,54.7,643059,52.9,7.2,2.1,6544.2,5758.7
Dec-84,60.2,40.5,381.7,101309,27299,1672,,4442,,3.1,87.9,0.8,57.1,53,96107,5786,54.8,643828,53,7.3,2.1,6588.2,5786
Jan-85,60.5,40.3,374.9,102063,27136,1706,,4469.7,,3,90.3,1,57.1,53.1,96372,5779.8,54.7,642219,53.1,7.3,2,6580.6,5779.8
Feb-85,60.8,40.1,388.7,100406,31874,1709,,4490.5,,3,86.5,1,57.2,53.2,96503,5784,54.9,644406,53.2,7.2,2.1,6585.3,5784
Mar-85,61.1,40.4,382.6,100830,29525,1775,,4496,,3.3,87.3,0.8,57.5,53.4,96842,5810.3,55,650047,53.4,7.2,2.1,6612.3,5810.3
Apr-85,61.1,40.5,398.2,100646,26704,1711,,4506.9,,3.2,87,1,57.5,54.6,97038,5797.8,54.9,649381,54.6,7.3,2.1,6599.1,5797.8
May-85,61.4,40.4,393.5,102150,27515,1757,,4522.9,,2.9,84.2,0.7,57.7,54.9,97312,5812.7,55,656904,54.9,7.2,2,6612.4,5812.7
Jun-85,61.7,40.5,392.4,101413,27961,1764,,4554.3,,2.6,91.1,1,57.7,55,97459,5836.6,54.9,646039,55,7.4,2,6635.1,5836.6
Jul-85,62,40.4,378.1,101558,27406,1745,,4575,,2.4,87.4,0.9,57.7,55.2,97648,5834.6,54.6,647279,55.2,7.4,2,6644.3,5834.6
Aug-85,62.2,40.6,403.6,102641,27398,1859,,4587.1,,2.4,86.3,0.8,57.9,55.3,97840,5844.2,54.8,659043,55.3,7.1,2,6643.2,5844.2
Sep-85,62.4,40.6,408.2,102726,28407,1970,,4602.6,,2.5,84.2,0.5,58.1,55.3,98045,5870.9,55,660811,55.3,7.1,1.9,6673,5870.9
Oct-85,62.5,40.7,404.2,102887,28011,1792,,4616.6,,2.3,80.8,0.3,58.1,55.7,98233,5901,54.8,654718,55.7,7.1,2,6704.2,5901
Nov-85,62.7,40.7,392.3,102786,28174,1739,,4621.6,,1.7,84.5,0.5,58.3,55.7,98443,5910,55,659510,55.7,7,1.9,6713.7,5910
Dec-85,63,40.9,385.1,102716,26728,1844,,4632.6,,1,88.1,0.8,58.5,55.9,98609,5949.8,55.6,655986,55.9,7,1.9,6753.6,5949.8
Jan-86,63.2,40.7,367.1,105369,26829,1899,,4629.9,,1.1,85.3,0.7,58.6,55.9,98732,5931.7,55.9,665846,55.9,6.7,1.8,6748.5,5931.7
Feb-86,63.4,40.7,372,104225,28528,1816,,4649.9,,0.8,87.8,0.7,58.6,56,98847,5962.4,55.5,662059,56,7.2,2,6781.2,5962.4
Mar-86,63.5,40.7,382.9,101526,25945,1830,,4697.5,,0.3,86.9,0.7,58.7,56.3,98934,6018.5,55.1,662705,56.3,7.2,1.9,6845.2,6018.5
Apr-86,63.8,40.5,388.7,104533,25725,1910,,4753.1,,0.3,88.5,0.9,59,56.1,99121,6038.5,55.2,676049,56.1,7.1,1.8,6868.4,6038.5
May-86,64.1,40.7,384.6,102448,24990,1847,,4794.5,,0.9,87.5,0.9,59,56.2,99248,6043.2,55.3,669565,56.2,7.2,1.9,6876.6,6043.2
Jun-86,64.5,40.7,370.6,104634,27489,1840,,4814.1,,0.9,90.3,1,58.9,56.3,99155,6045.8,55,673861,56.3,7.2,2,6880,6045.8
Jul-86,64.5,40.6,373.1,103200,25652,1830,,4852.8,,0.7,88.5,0.8,59.2,56.3,99473,6067.3,55.4,677842,56.3,7,1.9,6914.2,6067.3
Aug-86,64.7,40.7,405.1,104328,26072,1774,,4883.4,,1,85.9,0.5,59.3,56.3,99588,6092.9,55.3,678806,56.3,6.9,1.9,6930.7,6092.9
Sep-86,64.9,40.7,395.5,106395,26535,1733,,4906.7,,1.6,81.3,0.3,59.6,56,99934,6101,55.4,694909,56,7,2,6939.4,6101
Oct-86,64.9,40.6,376.6,105404,25094,1722,,4933.8,,1.6,87.1,0.3,59.6,56.4,100121,6104.6,55.7,685095,56.4,7,1.8,6943.8,6104.6
Nov-86,65.2,40.7,363.1,104000,25397,1690,,4950.5,,1.2,81.6,0.5,59.7,56.5,100308,6120.3,55.9,682996,56.5,6.9,1.9,6958.2,6120.3
Dec-86,65.6,40.8,358.4,107929,25719,1956,,4992.7,,0.2,78.3,0.1,60,56.3,100509,6146,56.4,697294,56.3,6.6,1.8,6986.5,6146
Jan-87,65.6,40.8,351.4,104818,25846,1737,,4998.5,,0.7,80.9,0.2,59.8,56.7,100678,6139.2,56.2,675281,56.7,6.6,1.8,6979.5,6139.2
Feb-87,66,41.2,348.7,110223,26266,1736,,4987.5,,1.2,81.6,0.4,60.3,56.4,100919,6161.6,57,699639,56.4,6.6,1.8,7003.5,6161.6
Mar-87,66.2,41,333.3,110365,25205,1752,,4985.6,,1.1,83.3,0.5,60.4,56.4,101164,6181.3,57,700310,56.4,6.6,1.7,7021.9,6181.3
Apr-87,66.3,40.8,336.2,109115,26586,1646,,4992.3,,1.7,84.7,0.7,60.6,56.5,101499,6179.6,57.4,698300,56.5,6.3,1.8,7018.7,6179.6
May-87,66.5,41,331.1,108920,26520,1542,,4989,,1.8,80.6,0.7,60.8,56.7,101728,6213.2,57.8,697134,56.7,6.3,1.8,7061.9,6213.2
Jun-87,66.8,40.9,322,110323,28618,1565,,4973.2,,1.7,80.8,0.4,60.9,56.9,101900,6218,58.1,700613,56.9,6.2,1.7,7055.8,6218
Jul-87,67.1,41,324.8,111271,28079,1558,,4969.7,,1.9,83.3,0.7,61.2,56.9,102247,6240.8,58.5,706690,56.9,6.1,1.6,7079.7,6240.8
Aug-87,67.3,40.9,320.2,108883,26629,1553,,4966.5,,2,85.8,1,61.4,57,102420,6281.1,58.9,703573,57,6,1.6,7116.5,6281.1
Sep-87,67.7,40.8,305.8,110932,28192,1556,,4969.9,,2.2,84.2,1,61.5,57.2,102647,6288.1,59.1,711328,57.2,5.9,1.6,7121.6,6288.1
Oct-87,67.9,41.1,299.9,111334,28323,1488,,4981.2,,2.2,80.4,0.6,61.9,57.4,103138,6331.8,59.9,710508,57.4,6,1.5,7166.8,6331.8
Nov-87,67.6,41,306.9,111389,27939,1498,,4979,,2.2,72.7,-0.3,62.1,57.5,103372,6366.4,60.2,708539,57.5,5.8,1.5,7199,6366.4
Dec-87,67.7,41,317.7,111231,28646,1383,,4983.1,,2.2,76.7,0.2,62.4,57.4,103661,6442.3,60.6,714543,57.4,5.7,1.5,7276.8,6442.3
Jan-88,67.9,41.1,340.5,109336,30287,1279,,5000.6,,1.8,80.9,0.5,62.4,57.7,103753,6411.5,60.6,712912,57.7,5.7,1.4,7266.5,6411.5
Feb-88,68.4,41.1,318.9,111436,29630,1478,,5033.7,,1.6,81.9,0.5,62.7,57.7,104214,6441.1,60.9,720969,57.7,5.7,1.4,7295.7,6441.1
Mar-88,68.7,40.9,306,112149,30155,1568,,5051.8,,1.8,85.2,0.7,62.9,57.9,104489,6445.5,61,732517,57.9,5.7,1.4,7311.8,6445.5
Apr-88,68.8,41,313.2,111652,29567,1469,,5062.2,,1.9,82.4,0.9,63.1,58.1,104732,6472.3,61.4,728589,58.1,5.4,1.3,7328.5,6472.3
May-88,69.1,41,314.1,112790,29579,1484,,5074,,2,87.3,1.2,63.2,58.2,104962,6478.5,61.2,730876,58.2,5.6,1.4,7334,6478.5
Jun-88,69.5,41.1,307,113871,28862,1527,,5073.9,,1.4,85.7,0.9,63.5,58.5,105326,6503.7,61.4,738041,58.5,5.4,1.3,7358.4,6503.7
Jul-88,69.5,41.1,325.9,112694,30491,1479,,5064.5,,1.3,82.3,0.3,63.6,58.5,105550,6536.2,61.4,735048,58.5,5.4,1.3,7390.6,6536.2
Aug-88,69.7,40.9,314.9,112095,31895,1501,,5057.7,,1.3,88.8,0.9,63.7,58.8,105674,6552.8,61.7,735473,58.8,5.6,1.3,7409.3,6552.8
Sep-88,69.9,41,300.9,113462,30937,1476,,5041.6,,0.8,89.5,0.6,63.8,58.7,106013,6567.6,61.5,738383,58.7,5.4,1.3,7423.2,6567.6
Oct-88,70.1,41.1,291.4,113413,29581,1558,,5039.5,,0.5,87,1,64.1,58.9,106276,6607.8,61.8,744115,58.9,5.4,1.3,7464.2,6607.8
Nov-88,70.3,41.1,293.5,114164,29491,1550,,5053.1,,0.6,86.3,0.6,64.2,59.1,106617,6607,62,746987,59.1,5.3,1.2,7466.5,6607
Dec-88,70.4,40.9,291.9,118132,29054,1543,,5050.9,,0.4,85.5,0.7,64.5,59.1,106898,6644,62.2,756724,59.1,5.3,1.2,7505.2,6644
Jan-89,70.6,41.1,289.9,117042,30422,1507,,5031,,0,89.9,0.8,64.8,59.4,107161,6689.8,62.4,757588,59.4,5.4,1.2,7574.4,6689.8
Feb-89,70.5,41.2,313.1,115768,30644,1422,,5015.2,,-0.2,88.8,1,64.8,59.8,107427,6710.7,62.1,749309,59.8,5.2,1.1,7598,6710.7
Mar-89,70.2,41.1,321.3,112820,29538,1248,,5009.1,,-0.5,87.6,0.7,64.9,60.1,107621,6738.7,62.3,744848,60.1,5,1.1,7638.6,6738.7
Apr-89,70.3,41.1,308.7,115029,29537,1415,,4986.4,,-0.7,83.2,0.4,64.9,60,107791,6718.5,62.3,751642,60,5.2,1.1,7609.2,6718.5
May-89,70.1,41,324.3,112887,29504,1420,,4977.5,,-1,80.1,0.4,64.8,60.5,107913,6688.2,61.9,748291,60.5,5.2,1.1,7576.9,6688.2
Jun-89,70,40.9,338.7,113102,32452,1359,,4993.5,,-1.3,82,0.6,64.9,60.8,108027,6704.7,61.9,745983,60.8,5.3,1,7598.2,6704.7
Jul-89,69.7,40.9,339.7,109141,27602,1319,,5021.9,,-1.2,85.5,0.7,64.8,61,108069,6728.1,61.3,738332,61,5.2,1.2,7623.5,6728.1
Aug-89,69.9,40.9,332.3,112727,27840,1371,,5057.5,,-0.9,80.3,0.4,65.1,60.8,108120,6739,61.9,757074,60.8,5.2,1,7640,6739
Sep-89,69.9,40.8,337.7,113129,29682,1351,,5076,,-0.8,88.6,0.8,65.1,60.8,108369,6755.5,61.7,751770,60.8,5.3,1.1,7661.2,6755.5
Oct-89,69.7,40.8,363.4,110723,26989,1403,,5091.6,,-0.8,87.2,0.8,65.1,61,108476,6788.7,61.7,744512,61,5.3,1.1,7697.8,6788.7
Nov-89,69.8,40.7,339.4,112632,28627,1382,,5111.8,,-0.7,84.3,0.5,65.3,61.1,108752,6790.3,61.9,751171,61.1,5.4,1.1,7704.9,6790.3
Dec-89,69.8,40.5,357.9,112936,29766,1462,,5128.3,,-0.6,85.5,0.5,65.5,61.2,108836,6800.1,62.2,753654,61.2,5.4,1.1,7710.9,6800.1
Jan-90,69.7,40.5,360.8,108998,29748,1797,,5112.8,,0,83.4,0.4,65.4,61,109199,6798.3,61.9,747767,61,5.4,1.1,7729.7,6798.3
Feb-90,69.5,40.6,354,113094,29769,1366,,5110.3,,0.2,81.3,0.1,65.8,61,109435,6821.8,62.5,758877,61,5.3,1.1,7752.8,6821.8
Mar-90,69.6,40.6,343.9,115394,29139,1281,,5108.6,,0.3,81.3,0.3,65.9,61.1,109644,6827,62.8,763299,61.1,5.2,1.1,7759.7,6827
Apr-90,69.3,40.5,361.6,113067,29035,1168,,5116.3,,0.5,83.9,0.3,65.9,61.2,109686,6869.5,62.6,754503,61.2,5.4,1.1,7808.1,6869.5
May-90,69.3,40.6,358.8,115053,28937,1097,,5103.2,1.7,0.6,79.3,0.3,66,61.2,109839,6859.3,62.8,760633,61.2,5.4,1.1,7798.7,6859.3
Jun-90,69.3,40.7,360.9,114782,28694,1139,,5101.5,1.2,0.2,76.6,0,66.1,61.4,109856,6866.6,63,762600,61.4,5.2,1.1,7810.6,6866.6
Jul-90,69,40.6,367,113494,29821,1108,,5106,1,0.3,77.3,-0.2,66.1,61.5,109824,6892.1,62.9,758514,61.5,5.5,1.2,7836,6892.1
Aug-90,68,40.5,389.8,115321,27776,1099,,5099.8,2.8,0.6,62.9,-1.5,66,61.6,109616,6845.6,63.2,766143,61.6,5.7,1.3,7785.8,6845.6
Sep-90,67.2,40.5,394.7,112430,29033,1003,,5088.4,3,0.7,58.8,-1.7,65.9,61.7,109518,6834.3,63.2,752057,61.7,5.9,1.3,7782.1,6834.3
Oct-90,66.3,40.4,425.4,112585,29571,951,,5066.8,3.6,0.6,50.9,-2.4,65.6,61.8,109367,6765.3,62.8,748832,61.8,5.9,1.3,7717.8,6765.3
Nov-90,65.1,40.2,452.1,109064,26762,967,,5065.4,3.3,0.6,52.8,-2.5,65.3,62,109214,6761.5,62,739979,62,6.2,1.5,7717.4,6761.5
Dec-90,64.4,40.3,456.2,105553,28053,885,,5075,2.7,0.8,53.7,-2.3,65.2,62,109166,6788.2,61.6,732277,62,6.3,1.4,7756.3,6788.2
Jan-91,63.6,40.2,456.8,106712,27657,808,,5080.4,3.2,1.2,55.2,-2.3,64.9,62.1,109055,6721,61.4,727451,62.1,6.4,1.5,7704.4,6721
Feb-91,63.4,40.1,485.5,106367,26908,877,,5103.7,0.9,1.6,62,-1.8,64.8,61.9,108734,6718.8,60.9,731757,61.9,6.6,1.6,7709.5,6718.8
Mar-91,63.1,40,501.3,103339,24993,937,,5129.6,0.4,2,84.5,0.6,64.7,61.9,108574,6721.6,60.6,727526,61.9,6.8,1.7,7720.7,6721.6
Apr-91,63.7,40.1,467.1,108996,26052,942,,5136.4,0.2,2.1,74.7,0.4,64.8,61.4,108364,6737,60.8,741862,61.4,6.7,1.7,7749.9,6737
May-91,64.2,40.2,442.1,111151,26677,1019,,5131.5,0.5,2.3,71.5,-0.1,64.9,61.3,108249,6734.8,61.4,747947,61.3,6.9,1.8,7750.9,6734.8
Jun-91,64.2,40.5,427.7,108790,24855,991,,5136.5,0.5,2.4,75.9,0.5,65.1,61,108334,6772.6,61.8,744597,61,6.9,2,7791.8,6772.6
Jul-91,64.9,40.5,418.6,113831,27081,1000,,5134.8,0.9,2.5,74.4,0.4,65.1,60.8,108292,6756.4,62,754316,60.8,6.8,1.9,7774.2,6756.4
Aug-91,65,40.6,430.1,112853,26138,970,,5121.3,-0.3,2.2,75.3,0.2,65.1,60.7,108310,6766.3,62,751138,60.7,6.9,2,7789.8,6766.3
Sep-91,65.4,40.6,424.6,114123,27417,1001,,5103.5,0,2.2,76.4,0.2,65.3,60.5,108336,6784.9,62.5,754350,60.5,6.9,2,7814.2,6784.9
Oct-91,65.4,40.6,428.4,113530,26160,1019,,5101.9,0.7,2.3,70.5,-0.5,65.3,60.5,108357,6771.2,62.5,755112,60.5,7,2.1,7824.9,6771.2
Nov-91,65.3,40.7,445,113634,26215,1012,,5098.9,0.2,2.6,61.9,-1.3,65.3,60.4,108296,6788,62.4,752667,60.4,7,2.1,7838.3,6788
Dec-91,65.1,40.7,456.6,110231,25471,1091,,5096.3,0.1,2.7,61.5,-1.1,65.2,60.4,108328,6833.9,62.1,743085,60.4,7.3,2.3,7905.2,6833.9
Jan-92,65.6,40.6,441,111472,27832,1107,,5102.9,-0.2,3,59.1,-1.5,65.4,60,108369,6853.8,61.8,757479,60,7.3,2.4,7944.8,6853.8
Feb-92,65.8,40.7,442.7,112128,26389,1178,,5118.3,-0.9,3.3,61.8,-1.5,65.5,59.8,108311,6892,62.2,759384,59.8,7.4,2.5,7984.3,6892
Mar-92,66.4,40.7,429.5,117485,27417,1112,,5111.8,-0.7,3.6,70.3,-0.4,65.7,59.7,108365,6897.5,62.7,762441,59.7,7.4,2.5,7997.6,6897.5
Apr-92,66.9,40.9,422.9,118747,27901,1084,,5091.7,-0.3,3.8,70.5,0,65.9,59.6,108519,6916.4,63.2,767522,59.6,7.4,2.4,8027.4,6916.4
May-92,67.4,40.9,414,119132,28536,1086,,5083.4,-1.2,3.6,71.2,0.3,65.9,59.5,108649,6954.7,63.4,760844,59.5,7.6,2.7,8070.4,6954.7
Jun-92,67.7,40.8,419,120876,28423,1087,,5066.6,-0.8,3.5,70.7,0.1,66.1,59.3,108715,6985.6,63.4,768865,59.3,7.8,2.9,8104.1,6985.6
Jul-92,67.9,40.8,446.8,120270,28373,1119,,5050.7,-0.7,3.6,67.6,-0.5,66.3,59.2,108793,6976.1,64,779161,59.2,7.7,2.8,8097.5,6976.1
Aug-92,68.3,40.8,403,119016,27922,1105,,5051.2,-0.7,3.3,69.5,-0.6,66.2,59.4,108925,7002.7,63.7,766767,59.4,7.6,2.8,8128.9,7002.7
Sep-92,68.4,40.7,412.5,119087,29080,1145,,5060,-0.4,3.2,67.4,-0.8,66.3,59.4,108959,6968.1,63.9,777427,59.4,7.6,2.7,8097.8,6968.1
Oct-92,68.6,40.8,372.7,117942,28271,1164,,5062.2,1,3.5,67.5,-0.9,66.4,59.4,109139,6927.8,64.3,780574,59.4,7.3,2.7,8058.1,6927.8
Nov-92,69.2,40.9,362,119835,28925,1149,,5056.2,0.1,3.8,78.2,0,66.5,59.7,109272,6958.9,64.6,781904,59.7,7.4,2.6,8075.6,6958.9
Dec-92,70.1,40.9,336.4,121138,29496,1209,,5044.8,-0.5,3.9,89.5,1.1,67.3,59.5,109495,7243.8,64.6,794076,59.5,7.4,2.8,8370.1,7243.8
Jan-93,70.5,41.1,346.9,120933,28406,1210,,5024.2,-0.9,3.6,83.4,0.7,67,59.4,109794,6993.6,64.9,796065,59.4,7.3,2.6,8139.7,6993.6
Feb-93,70.9,41.1,338.4,121795,28280,1180,,5010,-1.2,3.2,80.6,0.1,67.2,59.5,110044,7033,65.2,795044,59.5,7.1,2.5,8177.1,7033
Mar-93,70.8,40.8,351,122153,28186,1086,,4995.6,-1.3,2.9,75.8,-0.3,67,59.7,109994,7005.9,65.2,790018,59.7,7,2.4,8155.8,7005.9
Apr-93,71.3,41.4,349.2,120441,28779,1135,,4981.8,-0.9,3,76.4,-0.2,67.3,60,110296,7071.3,65.4,794100,60,7.1,2.3,8217.2,7071.3
May-93,71.4,41,343.8,122071,28864,1143,,5003.7,-0.6,3,68.5,-0.8,67.4,60.1,110568,7074.3,65.1,795358,60.1,7.1,2.4,8215.2,7074.3
Jun-93,71.7,40.9,340.4,123468,29276,1162,,5010,-0.9,2.9,70.4,-0.7,67.5,59.8,110749,7055.8,65.2,802711,59.8,7,2.4,8205.2,7055.8
Jul-93,71.7,41.1,355.1,119897,29593,1207,,5001.5,-1.1,2.8,64.7,-0.9,67.6,60.5,111055,7075.4,65.4,798827,60.5,6.9,2.4,8231.9,7075.4
Aug-93,72.2,41.1,341,120352,29870,1264,,4998.3,-2,2.7,65.8,-1.1,67.7,60.6,111206,7087.5,65.3,802920,60.6,6.8,2.3,8249.7,7087.5
Sep-93,72.6,41.3,338.5,122787,29846,1286,,5002.5,-1.5,2.3,66.8,-0.9,67.9,60.8,111448,7067.8,65.7,810070,60.8,6.7,2.4,8231.1,7067.8
Oct-93,72.9,41.3,354,124743,30766,1323,,4993.3,-1.3,2.3,72.5,-0.8,68.1,60.6,111733,7039.9,66.2,813530,60.6,6.8,2.3,8196.7,7039.9
Nov-93,73.3,41.3,340.9,123931,30485,1395,,5003.2,-1.1,2.7,70.3,-0.6,68.3,60.6,111984,7060.8,66.5,817704,60.6,6.6,2.3,8217.7,7060.8
Dec-93,74.3,41.4,324,125645,32701,1502,,5008.4,-1,2.8,78.8,0.4,69,60.8,112314,7335.9,66.8,820289,60.8,6.5,2.3,8503.3,7335.9
Jan-94,74.2,41.4,363.7,126880,29948,1390,,5007.3,-1.5,2.7,86.4,0.8,68.8,60.8,112595,7159,67.1,821223,60.8,6.6,2.3,8335.4,7159
Feb-94,74.4,40.9,348.5,127695,31357,1269,,4996.8,-1.5,2.7,83.5,0.4,68.9,60.8,112781,7167.8,67.1,828735,60.8,6.6,2.4,8343.8,7167.8
Mar-94,75.5,41.7,334.1,129810,30941,1342,,4989.4,-0.7,3.1,85.1,0.6,69.4,60.8,113242,7190.5,67.8,842533,60.8,6.5,2.3,8366.3,7190.5
Apr-94,76,41.8,344.5,130308,32156,1392,,4985.3,0.1,3.4,82.6,0.6,69.6,61.1,113586,7265,68.2,838096,61.1,6.4,2.2,8444.3,7265
May-94,76.3,41.8,358.9,131370,31953,1396,,4991.6,-0.1,3.2,84.2,0.6,69.9,61.4,113921,7286,68.5,840124,61.4,6.1,2.2,8461.7,7286
Jun-94,77,41.8,337.2,131231,33176,1357,,4963.3,-0.4,2.9,82.7,0.5,70.1,61.5,114238,7276.3,69,847837,61.5,6.1,2.1,8450.2,7276.3
Jul-94,77.3,41.8,344.4,131628,32750,1335,,4960.1,-0.8,3,78.5,0.2,70.2,62,114610,7294,69.1,844120,62,6.1,2.2,8464.4,7294
Aug-94,77.9,41.7,336.2,132572,32991,1377,,4945.2,-1.1,2.8,80.8,0.2,70.6,62.2,114896,7302.7,69.5,864053,62.2,6,2.1,8476.6,7302.7
Sep-94,78.3,41.6,328,132343,32993,1412,,4940.3,-0.6,2.7,83.5,0.2,70.8,62.5,115247,7337.2,69.7,860313,62.5,5.9,2.1,8513.6,7337.2
Oct-94,78.9,41.8,334.1,133209,34196,1397,,4929.4,0.1,3,85.1,0.3,71.1,62.5,115458,7396.6,70.3,866879,62.5,5.8,2.2,8589.8,7396.6
Nov-94,79.1,41.8,326.9,132839,34158,1340,,4924.1,0.5,2.7,84.8,0.6,71.4,63,115869,7392.6,70.7,874516,63,5.6,2,8587.8,7392.6
Dec-94,79.6,41.8,323.1,136117,34237,1396,,4919.8,0.8,2.4,88.8,0.8,71.7,63.3,116165,7423.4,71.5,881083,63.3,5.5,1.9,8628.7,7423.4
Jan-95,79.7,41.8,333.3,135222,34895,1282,,4918.3,-0.5,2.3,88.4,0.8,71.9,63.7,116501,7444.4,71.6,884976,63.7,5.6,1.8,8668.7,7444.4
Feb-95,79.7,41.7,341.2,134433,34021,1254,,4906.1,-0.2,1.6,85.9,0.3,71.9,64.1,116697,7460.1,71.5,879997,64.1,5.4,1.8,8688.4,7460.1
Mar-95,79.6,41.5,339.3,133007,33918,1226,,4898.8,-1.2,1.2,79.8,0.2,72.1,64.4,116907,7477.4,71.6,879686,64.4,5.4,1.7,8710.6,7477.4
Apr-95,79.6,41,353.8,132936,34344,1259,,4897.2,-1.4,1,83.8,0.5,72.1,64.8,117069,7490,71.5,873103,64.8,5.8,1.9,8720.8,7490
May-95,79.5,41.1,370.2,131133,35459,1271,,4924.6,-0.8,0.6,80.1,0.2,72.2,65.1,117049,7490.2,71.8,879532,65.1,5.6,2,8727.7,7490.2
Jun-95,79.6,41.2,364.6,130886,35117,1305,,4954.3,-1,0.2,84.1,0.2,72.4,65.4,117286,7524.2,72.1,888010,65.4,5.6,1.7,8760.1,7524.2
Jul-95,79.5,41.1,375.7,131312,33573,1354,,4973.9,-0.9,0.4,87.4,0.4,72.4,65.6,117380,7549.1,71.7,877511,65.6,5.7,1.7,8789.9,7549.1
Aug-95,80,41.2,357.1,133128,34673,1386,,4993.3,-1.2,0.8,86.1,0.5,72.8,65.6,117634,7563.5,72.7,895288,65.6,5.7,1.8,8802.8,7563.5
Sep-95,80.2,41.2,363.7,133379,36134,1421,,5008.1,-1.3,0.4,78.8,0.2,73,65.9,117875,7599.2,73,894194,65.9,5.6,1.7,8837.1,7599.2
Oct-95,80.1,41.2,371.4,133530,36543,1400,,5010.7,-0.2,0.3,80.8,0.3,73,66,118031,7622.6,72.9,894661,66,5.5,1.7,8850.4,7622.6
Nov-95,80.1,41.3,375.3,132436,36086,1430,,5019.9,-1,0.1,79.7,0.3,73.3,66.2,118175,7655.4,73,901985,66.2,5.6,1.8,8879.5,7655.4
Dec-95,80.2,40.9,363,135277,37117,1442,,5023.6,-0.4,0.1,83.7,0.3,73.4,66.3,118320,7664.5,73.3,906260,66.3,5.6,1.8,8896.2,7664.5
Jan-96,78.7,39.7,373.9,131466,34733,1387,,5037.8,-0.1,0.1,78.7,-0.2,73.3,66.5,118316,7672.6,72.9,897214,66.5,5.6,1.8,8926.7,7672.6
Feb-96,79.6,41.3,375.9,127477,35614,1420,,5049.1,-1.5,0.6,77.8,0.1,73.8,66.5,118739,7739.1,74,905321,66.5,5.5,1.7,9001.3,7739.1
Mar-96,79.8,41.1,391.2,133555,36046,1437,,5068.4,-0.9,1,86.2,0.5,73.9,66.5,118993,7761.8,73.9,905771,66.5,5.5,1.8,9033,7761.8
Apr-96,80.2,41.2,359.2,135376,34806,1463,,5068.1,-0.8,1.3,83,0.5,74.1,66.6,119158,7775.8,74.6,913876,66.6,5.6,1.8,9057,7775.8
May-96,80.9,41.4,345,137039,36518,1457,,5075.6,-1.5,1.5,79.2,0.2,74.5,66.7,119486,7815.8,75.2,920829,66.7,5.6,1.8,9096.6,7815.8
Jun-96,81.4,41.5,342.8,139234,37251,1429,,5093.3,-0.9,1.6,84,0.3,74.7,66.8,119769,7874,75.7,916488,66.8,5.3,1.8,9157.7,7874
Jul-96,81.3,41.4,336.7,139373,36884,1450,,5102.5,0.3,1.5,86.5,0.5,74.9,67.1,120015,7865.5,75.7,923725,67.1,5.5,1.7,9139.7,7865.5
Aug-96,81.5,41.5,333.4,138271,36638,1413,,5107.1,-0.8,1.4,87.3,0.7,75.1,67.1,120199,7899.6,76.1,926896,67.1,5.1,1.7,9170,7899.6
Sep-96,81.7,41.6,342.7,139841,36000,1392,,5105.5,-0.9,1.5,90.1,0.7,75.3,67.3,120410,7930.4,76.6,929730,67.3,5.2,1.7,9196.6,7930.4
Oct-96,82,41.4,338.7,138595,37947,1358,,5116.4,-0.4,1.3,89.9,0.7,75.5,67.3,120665,7936.8,76.6,937008,67.3,5.2,1.7,9198.5,7936.8
Nov-96,82.5,41.5,336.8,139713,38080,1412,,5137.5,-1,0.9,93.9,0.7,75.8,67.5,120961,7965.9,77.2,943940,67.5,5.4,1.6,9228.5,7965.9
Dec-96,82.6,41.7,353.5,137270,36680,1411,,5163.3,-0.9,1,91.8,0.9,75.9,67.8,121143,8001.1,77.7,937142,67.8,5.4,1.6,9265.1,8001.1
Jan-97,83.1,41.4,335.7,139746,37461,1382,,5178.3,-1.1,1.3,91.3,1.1,76.2,67.9,121363,8035.4,77.9,949228,67.9,5.3,1.6,9319.4,8035.4
Feb-97,84.2,41.6,317.7,142696,39167,1445,,5183.1,-1.4,1.2,94.9,0.9,76.7,67.7,121675,8073.3,78.8,968611,67.7,5.2,1.6,9349.5,8073.3
Mar-97,84.6,41.8,318.9,142137,39102,1436,,5197.7,-1,1.3,93.6,1.1,76.9,67.9,121990,8111.8,79.3,969052,67.9,5.2,1.6,9394.4,8111.8
Apr-97,84.7,41.8,331.5,144516,39743,1421,,5213.9,0,1.4,92.5,1,77.1,68.2,122286,8124.9,79.3,972290,68.2,5.1,1.6,9402.2,8124.9
May-97,85.3,41.7,319.3,142749,39019,1414,,5232.8,-0.6,1.2,96.6,1.4,77.3,68.3,122546,8169.4,79.8,972051,68.3,4.9,1.6,9445.7,8169.4
Jun-97,85.8,41.6,325.6,144057,40471,1402,,5248.6,-0.8,0.9,98.9,1.4,77.7,68.4,122814,8201.2,80.1,985137,68.4,5,1.5,9479.8,8201.2
Jul-97,86.8,41.6,313.8,145766,42669,1440,,5269.5,-0.8,0.7,102.6,1.4,78,68.3,123111,8242.2,80.8,995114,68.3,4.9,1.6,9522.2,8242.2
Aug-97,87,41.7,332.8,145315,42136,1449,,5310.2,-1.1,0.8,100.3,1.5,78.2,68.5,123093,8295.3,81.6,992294,68.5,4.8,1.5,9578.4,8295.3
Sep-97,87.7,41.7,315.4,146633,43519,1494,,5318.5,-0.7,0.7,100.7,1.4,78.6,68.7,123585,8323.4,82.4,1000316,68.7,4.9,1.5,9607.4,8323.4
Oct-97,87.9,41.8,310.7,146329,41726,1499,,5337.2,0,0.5,102.8,1.5,78.9,68.9,123929,8374.4,83.1,997419,68.9,4.7,1.4,9658,8374.4
Nov-97,88.1,41.8,315.1,149357,42066,1469,,5367.1,0.4,0.4,102.3,1.5,79.3,69.1,124235,8441,83.8,1008029,69.1,4.6,1.3,9726.9,8441
Dec-97,88.4,42,313.1,147417,42412,1456,,5392.4,0.2,0.3,96.1,1.6,79.6,69.3,124549,8492.8,84.1,1005490,69.3,4.7,1.4,9785.8,8492.8
Jan-98,88.4,41.9,323.4,145874,41257,1555,,5420.9,-0.3,0,102.2,1.4,79.9,69.3,124812,8575.6,84.5,1007443,69.3,4.6,1.3,9873.3,8575.6
Feb-98,89.3,41.7,319.1,150047,43110,1647,,5467.4,-1.2,0.1,104.2,1.7,80.2,69.5,125016,8638.3,84.6,1021587,69.5,4.6,1.3,9940.9,8638.3
Mar-98,89.4,41.6,314.9,148823,41852,1605,,5500.5,-0.8,0.2,101.9,1.6,80.4,70,125164,8693.4,84.7,1026646,70,4.7,1.3,10002,8693.4
Apr-98,89.3,41.2,309.1,147158,40632,1547,,5528.3,0,0.2,104.3,1.9,80.6,70.1,125442,8731.2,85,1028038,70.1,4.3,1.1,10039.4,8731.2
May-98,89.8,41.5,313,149379,42631,1554,,5553,0,0.2,101.7,1.6,81,70.3,125844,8778.3,85.5,1031549,70.3,4.4,1.1,10085.6,8778.3
Jun-98,89.2,41.4,338,142675,42955,1551,,5583.9,0.3,-0.1,99.3,1.6,81.1,70.8,126076,8832,85,1027423,70.8,4.5,1.2,10144,8832
Jul-98,89.4,41.4,324.1,142263,41215,1610,,5596.4,0,-0.1,100,1.5,81,71,126205,8855.4,84.7,1021420,71,4.5,1.1,10162.8,8855.4
Aug-98,89.6,41.4,309,147038,41994,1654,,5621.8,1.6,-0.2,98.3,1.2,81.6,71.2,126544,8894,86.4,1032563,71.2,4.5,1.2,10201.9,8894
Sep-98,89,41.3,301.4,147250,43823,1577,,5676.8,2.7,-0.7,93.9,0.5,81.8,71.2,126752,8924.3,86.3,1042402,71.2,4.6,1.2,10238.1,8924.3
Oct-98,88.6,41.4,312.8,148701,40930,1719,,5717.6,3.7,-0.5,87.5,0,82.1,71.3,126954,8943.6,87,1051242,71.3,4.5,1.1,10258,8943.6
Nov-98,88.8,41.4,315.9,150333,42238,1672,,5768.7,1.2,0,94.3,0.8,82.3,71.3,127231,8987.1,86.9,1055755,71.3,4.4,1.1,10308,8987.1
Dec-98,89.1,41.5,317.2,150205,44231,1742,,5801.1,1.5,0,91.9,0.7,82.5,71.4,127596,9006.8,87.3,1063885,71.4,4.4,1.1,10333.5,9006.8
Jan-99,88.9,41.3,324.9,152069,41541,1732,,5829.2,-0.1,0.1,95.7,1,82.6,71.7,127702,9033.5,87.6,1062461,71.7,4.3,1.1,10373.2,9033.5
Feb-99,89.4,41.4,301.2,153728,42539,1720,,5862.6,0.1,0.2,103.6,1.2,83.1,71.8,128120,9075.7,88.1,1078887,71.8,4.4,1.1,10417.3,9075.7
Mar-99,89.5,41.3,302.7,151583,43355,1665,,5867.1,0.1,0.4,99,1.1,83.1,72.2,128227,9081.7,88.3,1077299,72.2,4.2,1.1,10430.6,9081.7
Apr-99,89.5,41.3,304.7,151834,42795,1600,,5876.6,0.1,0.4,97.4,1.2,83.3,72.4,128597,9066.1,88.5,1075505,72.4,4.3,1.1,10402.2,9066.1
May-99,90,41.4,303,152185,43438,1640,,5905.2,0,0.8,97.6,1.3,83.6,72.4,128808,9087.7,89,1091280,72.4,4.2,1.1,10427.6,9087.7
Jun-99,90.3,41.3,290,151277,42942,1702,,5932.2,0.7,1.1,99.8,1.4,83.8,72.4,129089,9122.1,89,1092393,72.4,4.3,1.2,10466.8,9122.1
Jul-99,90.6,41.4,300.9,151401,45178,1682,,5952.3,0.7,0.8,99.2,1.3,84,73,129414,9149.4,89.5,1093813,73,4.3,1.1,10494.5,9149.4
Aug-99,90.8,41.5,290.5,153503,44929,1671,,5964,1.4,0.9,98.4,1.1,84.3,73.3,129569,9191.3,89.9,1102448,73.3,4.2,1,10544.2,9191.3
Sep-99,90.8,41.4,294.3,152432,46020,1551,,5963.6,1.2,0.7,101.5,1.2,84.3,73.6,129772,9188,89.5,1100449,73.6,4.2,1,10540,9188
Oct-99,91.1,41.4,285.8,155799,44594,1649,,5984.5,1.8,0.9,97.1,1,84.8,73.5,130177,9249.2,90.7,1110118,73.5,4.1,1,10603.7,9249.2
Nov-99,91.6,41.4,281.8,153010,44851,1672,,6003.9,0.2,0.6,101,1.3,85.1,73.9,130466,9323.6,91.1,1115856,73.9,4.1,1,10677.3,9323.6
Dec-99,92.4,41.4,278.3,154722,47428,1683,,6025.7,0,1,101.1,1.6,85.6,74.2,130772,9406.7,91.8,1120689,74.2,4,1,10765,9406.7
Jan-00,92.9,41.5,289.3,158103,46292,1727,,6045.9,-0.3,1.2,108.6,2.1,85.9,74.3,131005,9497.5,91.8,1129614,74.3,4,1,10861.1,9497.5
Feb-00,92.3,41.5,293.9,150235,42297,1692,,6044,0,0.8,107.8,1.8,85.9,74.9,131124,9541,92.1,1109286,74.9,4.1,0.9,10906.1,9541
Mar-00,93.2,41.4,269.7,154893,45984,1651,,6057.7,0.3,0.4,101.7,1.1,86.3,74.8,131596,9572.1,92.5,1122401,74.8,4,0.9,10936.5,9572.1
Apr-00,93.4,41.6,272.9,156205,46508,1597,,6134.8,1.7,0,103.7,1.4,86.6,75.1,131888,9619.6,93.1,1131729,75.1,3.8,0.9,10996.1,9619.6
May-00,92.4,41.2,282.1,150887,45932,1543,,6113.9,2.6,0.2,104.8,1.7,86.7,75.3,132105,9627.8,93.3,1125723,75.3,4,0.9,11035.8,9627.8
Jun-00,92.6,41.3,288.9,152463,49202,1572,,6116.2,2.4,-0.4,100.8,1.3,86.8,75.9,132061,9673.5,93.4,1133165,75.9,4,0.9,11066.8,9673.5
Jul-00,92.2,41.5,298.7,151488,45742,1542,,6123.5,1.6,-0.5,104.5,1.3,86.9,76,132236,9729.5,93.2,1126024,76,4,0.9,11124.9,9729.5
Aug-00,91.6,41,311.5,148693,46589,1552,,6159.8,1.3,-0.7,104,1.5,86.9,76.4,132230,9779.8,93,1126415,76.4,4.1,1,11184.6,9779.8
Sep-00,92,41.1,300.2,154198,47906,1570,,6178.9,1.3,-0.7,103.4,1.5,87.1,76.7,132353,9788.3,93.4,1138568,76.7,3.9,0.9,11193.7,9788.3
Oct-00,91,41.1,301.1,149652,45708,1577,,6190.8,2.3,-0.8,100.7,1.1,87,77.2,132351,9814.5,93,1129879,77.2,3.9,0.9,11220.9,9814.5
Nov-00,90.3,41.1,336,148405,44885,1614,,6196,1.9,-0.8,101.6,0.8,87.1,77.6,132556,9825,93,1121653,77.6,3.9,0.9,11226.2,9825
Dec-00,89,40.4,348,149614,44842,1543,,6243,3,-1.2,90.7,0.4,87.2,77.5,132709,9827.3,92.7,1130446,77.5,3.9,0.9,11250.5,9827.3
Jan-01,88.4,40.6,340.2,144508,43496,1699,,6276.8,1.9,-0.8,86.4,-0.6,87.1,76.6,132698,9875.4,92.2,1121377,76.6,4.2,1,11323.5,9875.4
Feb-01,87.4,40.5,373.3,146370,43573,1656,,6315.2,1.6,-0.4,80.8,-1.1,87.1,76.5,132789,9896,91.6,1126325,76.5,4.2,1,11350.5,9896
Mar-01,86.1,40.5,387.9,144711,41652,1659,,6387.3,2.6,-0.4,83.9,-0.5,87,76.6,132747,9921.2,91.4,1112824,76.6,4.3,1.1,11387.6,9921.2
Apr-01,85.2,40.4,396.9,141163,39228,1666,,6456.6,2,0.3,82.2,-0.7,86.7,76.7,132463,9872.5,91.1,1104047,76.7,4.4,1,11358.4,9872.5
May-01,85.5,40.4,401,145264,40515,1665,,6435.9,0.6,1.2,85.4,-0.3,86.6,76.7,132410,9834,90.5,1113592,76.7,4.3,1,11324.6,9834
Jun-01,85,40.3,395,143382,39648,1626,,6474.9,1.2,1.3,86.9,0.2,86.3,76.7,132299,9815.6,90,1098414,76.7,4.5,1.1,11307.4,9815.6
Jul-01,84.8,40.6,398.1,143077,38114,1598,,6514.6,1.1,1.5,88.4,0.2,86.3,76.8,132177,9811.3,89.5,1102604,76.8,4.6,1.2,11305.2,9811.3
Aug-01,84.7,40.3,398.2,144058,38665,1615,,6557.8,1,1.3,85.2,0.1,86.3,76.6,132028,9802.6,89.4,1111714,76.6,4.9,1.3,11288.4,9802.6
Sep-01,83.1,40.2,443,138798,36188,1565,,6719.8,2,1.7,73.5,-1.1,85.9,76.8,131771,9789.5,88.9,1088342,76.8,5,1.4,11293.8,9789.5
Oct-01,82.5,40.1,480.8,139172,35704,1566,,6681.9,1.1,2.1,75.5,-1.1,86,76.3,131454,9734.9,88.6,1120677,76.3,5.3,1.4,11270.1,9734.9
Nov-01,83.1,40.1,453.9,140424,36826,1651,,6741.1,0.5,2.6,76.6,-0.9,85.8,76.3,131142,9728.1,88.1,1115228,76.3,5.5,1.6,11274.8,9728.1
Dec-01,83.7,40.2,404.9,141112,36741,1680,,6814.6,0.6,3.3,82.3,-0.1,85.8,76.2,130982,9730.1,88.1,1117422,76.2,5.7,1.7,11292,9730.1
Jan-02,83.7,40.1,410.3,143103,34177,1665,,6833.9,0.4,3.3,91.3,0.6,85.8,76.1,130852,9731.9,88.7,1116339,76.1,5.7,1.8,11310.6,9731.9
Feb-02,84.5,40.3,396.1,143292,36145,1787,,6859.3,0.4,3.2,87.2,0.3,85.8,76.2,130736,9733.1,88.7,1120400,76.2,5.7,1.8,11311,9733.1
Mar-02,84.8,40.5,421,142664,33982,1691,,6855.4,-0.4,3.6,92.7,1.1,85.8,76.3,130717,9732.1,89.4,1114874,76.3,5.7,1.9,11303.4,9732.1
Apr-02,85.5,40.6,429,146436,35868,1669,,6827.1,0.2,3.5,89.1,1,85.9,75.9,130623,9728.7,89.8,1127695,75.9,5.9,2,11318.1,9728.7
May-02,86.2,40.6,401.4,146778,36408,1716,,6855.2,0.2,3.4,92.7,1,86,75.9,130634,9755.7,90.2,1130035,75.9,5.8,2,11350.2,9755.7
Jun-02,86.4,40.7,389.2,145867,35066,1758,,6877.7,0.3,3.2,87.9,0.8,86.2,75.9,130684,9786.6,90.9,1133716,75.9,5.8,2.1,11378.6,9786.6
Jul-02,86,40.4,386.2,146566,35685,1738,,6915.2,0.9,2.9,81,0.1,86.1,76.2,130590,9752.4,90.9,1130556,76.2,5.8,2,11345.3,9752.4
Aug-02,86.2,40.5,395.2,145764,36851,1695,,6954,0.3,2.5,80.6,0.2,86.2,76.2,130587,9751.3,90.8,1141413,76.2,5.7,2,11346.2,9751.3
Sep-02,85.8,40.5,409.4,144102,34596,1803,,6971.6,0.6,2.1,79.9,0.3,86.1,76.2,130501,9754.4,90.9,1131631,76.2,5.7,2,11354.4,9754.4
Oct-02,85.7,40.3,407.5,145050,35277,1799,,7013.9,0.4,2.2,73.1,-0.7,86,76.2,130628,9775.7,90.6,1126414,76.2,5.7,2.1,11376,9775.7
Nov-02,86.3,40.4,389.1,145269,35698,1771,,7068.5,-0.1,2.7,78.5,-0.1,86.3,76.2,130615,9796.8,91.1,1138482,76.2,5.9,2.1,11400.2,9796.8
Dec-02,86.2,40.5,414.4,140631,35118,1896,,7087.7,0,2.8,80.8,0,86.1,76.4,130472,9808,90.6,1129645,76.4,6,2.3,11422.4,9808
Jan-03,86.4,40.3,400,143802,35177,1808,,7106.6,0.2,2.8,72.8,-0.7,86.3,76.3,130580,9768.1,91.4,1136287,76.3,5.8,2.2,11384.7,9768.1
Feb-03,86.2,40.3,416.7,145503,35344,1854,,7120.6,0.2,2.6,69.9,-1.4,86.1,76.6,130444,9729.5,91.5,1123727,76.6,5.9,2.2,11342.7,9729.5
Mar-03,86.1,40.4,425.1,144471,37022,1757,,7127.7,-0.5,2.6,69.6,-1.6,86.1,76.7,130232,9744.7,91.2,1133971,76.7,5.9,2.2,11362,9744.7
Apr-03,85.8,40.1,438.7,140743,35370,1803,,7185.3,-0.9,2.7,79.3,-0.3,86,76.6,130177,9791.5,90.6,1130689,76.6,6,2.3,11415.4,9791.5
May-03,86.7,40.2,422.9,141936,36529,1835,,7267.1,-1.9,2.3,91.4,0.7,86.2,76.7,130196,9868.6,90.6,1140606,76.7,6.1,2.3,11504.3,9868.6
Jun-03,87.4,40.3,421.8,144881,35851,1875,,7304,-1.9,2.1,86.4,0.6,86.4,76.4,130194,9902.4,90.7,1151283,76.4,6.3,2.4,11544.7,9902.4
Jul-03,87.7,40.1,403.5,145815,35443,1885,,7339.4,-0.8,3,83.7,0.1,86.6,76.4,130191,9910.1,91.2,1160035,76.4,6.2,2.5,11556.1,9910.1
Aug-03,88.3,40.2,399.8,143950,36111,1966,,7385,-0.2,3.4,82.5,0.4,86.6,76.6,130149,9925.9,91,1159559,76.6,6.1,2.4,11575.1,9925.9
Sep-03,89.3,40.5,395.4,146945,37229,1961,,7328.2,-0.8,3.3,80.8,0,86.7,76.5,130254,9943.4,91.6,1164276,76.5,6.1,2.4,11592.1,9943.4
Oct-03,90.2,40.6,376.1,149611,36491,2012,,7316.4,-0.8,3.3,83,0.4,86.9,76.6,130454,9997,91.7,1167027,76.6,6,2.4,11636.7,9997
Nov-03,91.2,40.9,363,148841,37370,1918,,7313.4,-1.3,3.3,88.1,1,87.2,76.4,130474,10066.3,92.4,1171540,76.4,5.8,2.3,11703.6,10066.3
Dec-03,92.1,40.7,358.5,145070,38117,1987,,7295.1,-1.3,3.3,89.8,1.2,87.2,76.6,130588,10057.1,92.4,1168227,76.6,5.7,2.3,11707.6,10057.1
Jan-04,92.9,40.9,361.2,144871,35799,1952,,7277.3,-2,3.2,100.1,1.5,87.2,76.7,130769,10024.7,92.6,1162401,76.7,5.7,2.3,11684.5,10024.7
Feb-04,93.7,41,360.7,144069,36605,1966,,7308.2,-1.5,3.1,88.5,0.5,87.4,76.6,130825,10026.4,93.1,1171414,76.6,5.6,2.2,11699.7,10026.4
Mar-04,95,40.9,342.2,149594,39170,2066,,7339.6,-1.3,2.8,88.8,0.5,87.7,76.5,131142,10063.5,92.7,1198917,76.5,5.8,2.3,11742,10063.5
Apr-04,95.2,40.7,345.8,145927,37031,2070,,7375.1,-1.6,3.4,87.3,0.5,87.8,76.6,131411,10097.9,93.1,1186144,76.6,5.6,2,11780.1,10097.9
May-04,96.1,41.1,339.4,146135,37167,2150,,7442.5,-0.3,3.7,81.6,0.4,88.2,76.7,131694,10161.3,93.8,1189447,76.7,5.6,2.1,11843.5,10161.3
Jun-04,96.5,40.8,342.1,146347,37580,2020,,7424.1,-0.9,3.7,88.5,0.7,88.1,77.1,131793,10176.2,93.1,1188341,77.1,5.6,2.1,11857.1,10176.2
Jul-04,97,40.8,347,143080,37977,2112,,7433.4,-0.9,3.2,91.2,1,88.4,77.6,131848,10230.2,93.8,1190096,77.6,5.5,2,11901.8,10230.2
Aug-04,97.5,40.8,340.4,146431,36610,2056,,7460.4,-1,2.9,88.2,0.5,88.5,77.9,131937,10259.7,93.9,1200430,77.9,5.4,1.9,11952.1,10259.7
Sep-04,98.1,40.7,339.6,143962,39569,2041,,7486.8,-1.3,2.5,88,0.6,88.7,77.9,132093,10279.6,93.9,1205353,77.9,5.4,2,11970.1,10279.6
Oct-04,98.4,40.6,333.8,144687,37832,2097,,7487.9,-0.7,2.3,83.8,0.4,89,77.9,132447,10290.6,94.8,1207904,77.9,5.5,2.1,11979.8,10290.6
Nov-04,99.1,40.5,328.9,146850,38738,2079,,7490.3,-1.2,2.3,85.2,0.3,89,78.1,132503,10263,95,1210114,78.1,5.4,2,11952.4,10263
Dec-04,100,40.6,328.6,148481,39519,2082,,7507.9,-0.9,2.1,90.9,0.9,90,77.6,132624,10653.9,95.7,1228978,77.6,5.4,2,12360,10653.9
Jan-05,100.5,40.7,340.3,149204,40281,2139,,7505.3,-0.6,1.9,85.7,0.7,89.5,78.3,132774,10305.8,96.1,1233423,78.3,5.3,1.9,12030.3,10305.8
Feb-05,101,40.6,311.7,148966,40070,2114,,7494.3,-1.2,1.7,84.4,0.5,89.7,78.6,133032,10305.3,96.8,1233818,78.6,5.4,2,12043.2,10305.3
Mar-05,100.6,40.4,332.5,145119,39262,2062,,7482.3,-1.1,1.9,82.8,0.4,89.7,78.9,133156,10346.9,96.7,1225402,78.9,5.2,1.9,12085.9,10346.9
Apr-05,101.2,40.4,320.4,149979,40234,2150,,7477.6,-0.1,1.6,77,0,90.1,79.1,133518,10377.9,96.9,1243914,79.1,5.2,1.8,12127.6,10377.9
May-05,100.9,40.4,327.1,149095,39410,2085,,7493.3,-0.5,1.1,75.3,0.1,90.3,79.3,133690,10431.5,97,1241537,79.3,5.1,1.8,12183.2,10431.5
Jun-05,101.7,40.4,322.9,152107,40735,2178,,7526.2,-1,1,85,0.4,90.6,79.5,133942,10465.4,97.4,1253294,79.5,5,1.6,12217.9,10465.4
Jul-05,101.7,40.4,324,147740,39701,2203,,7530.8,-1.2,0.9,85.5,0.3,90.7,79.8,134296,10500.3,97,1252470,79.8,5,1.6,12239.5,10500.3
Aug-05,102.4,40.5,315.7,152076,41593,2219,,7538.1,-0.5,0.8,76.9,0.1,90.8,80,134498,10500.2,97.4,1255554,80,4.9,1.7,12261.5,10500.2
Sep-05,101.7,40.7,397.2,153172,40154,2263,,7504.9,-0.4,0.6,63.3,-1.5,90.5,80.2,134566,10468.5,95.5,1249496,80.2,5,1.7,12219.5,10468.5
Oct-05,102.1,41,344.3,152891,41151,2170,,7531.7,0.3,0.7,63.2,-1.4,90.8,80.5,134655,10541.3,96.6,1249349,80.5,5,1.7,12284.9,10541.3
Nov-05,102.7,40.9,316.1,153049,41696,2218,,7566,-0.3,0.5,69.6,-0.3,91.4,80.8,134993,10614.1,97.7,1266510,80.8,5,1.7,12365.1,10614.1
Dec-05,102.7,40.8,315.1,153263,42256,2120,,7596.4,0.1,0.3,80.2,0.2,91.7,80.9,135149,10664.9,98.2,1273797,80.9,4.9,1.6,12413.2,10664.9
Jan-06,103.5,41,295.6,154230,42934,2212,,7607.7,-0.8,0.1,78.9,0.1,92.1,81.4,135429,10772.9,98.3,1280490,81.4,4.7,1.5,12574,10772.9
Feb-06,103.5,41.1,294.3,154088,42871,2141,,7630.7,-0.5,0.1,74.5,-0.2,92.3,81.5,135737,10854.8,98.3,1283525,81.5,4.8,1.7,12645.3,10854.8
Mar-06,103.7,41.1,299,154537,44495,2118,,7632.1,-0.7,0.1,76,0,92.6,81.7,136047,10906,98.6,1285689,81.7,4.7,1.6,12701.2,10906
Apr-06,103.2,41.2,306.6,150850,43160,1998,,7638.8,-0.3,0.2,73.4,-0.2,92.6,81.9,136205,10915.4,98.9,1273540,81.9,4.7,1.6,12705.5,10915.4
May-06,102.6,41.2,332.6,150905,43666,1905,,7625.8,0.2,0.2,68.2,-0.6,92.6,82.1,136244,10898.9,98.9,1284007,82.1,4.6,1.5,12695.2,10898.9
Jun-06,102.4,41.2,307.7,151204,43237,1867,,7649.5,0.6,0.1,72,-0.4,92.7,82.4,136325,10909.8,99.2,1280472,82.4,4.6,1.4,12712,10909.8
Jul-06,102,41.4,319.6,146873,43663,1763,,7669.6,0,-0.2,72.5,-0.4,92.7,82.4,136520,10896.9,99.1,1274914,82.4,4.7,1.5,12704.5,10896.9
Aug-06,101.7,41.2,313.6,148167,43765,1722,,7679.8,0,-0.4,68,-0.7,92.9,82.5,136694,10884.4,99.6,1282063,82.5,4.7,1.5,12695.1,10884.4
Sep-06,101.6,41.1,316.5,147023,45411,1655,,7730.1,-0.5,-0.5,78.2,-0.1,93,82.7,136843,10955.4,99.4,1281830,82.7,4.5,1.5,12772.5,10955.4
Oct-06,101.5,41.2,315.6,146894,45263,1570,,7803.2,-0.1,-0.5,84.8,0.3,93.2,83,136852,11030.4,99.3,1282760,83,4.4,1.4,12843.4,11030.4
Nov-06,101.2,41,328.1,149264,44831,1535,,7839.5,-0.6,-0.7,83.2,0.3,93.3,83.3,137063,11090.7,99.2,1283503,83.3,4.5,1.4,12909.2,11090.7
Dec-06,101.6,41.1,323.2,153052,44461,1638,,7859.5,0.1,-0.7,81.2,0.3,93.8,83.6,137249,11146.2,100.3,1304033,83.6,4.4,1.4,12984.2,11146.2
Jan-07,101.3,41,317.6,150568,43173,1626,,7875.3,-0.9,-0.5,87.6,0.5,93.7,83.6,137477,11129,99.9,1296080,83.6,4.6,1.4,13006.1,11129
Feb-07,101.2,40.9,325.1,150408,42775,1598,,7868.4,-1.3,-0.5,81.5,0.2,94.1,83.7,137558,11172.2,100.8,1303857,83.7,4.5,1.4,13061.1,11172.2
Mar-07,101.7,41.3,306.8,151723,44893,1596,,7876.8,-0.3,-0.7,78.7,-0.2,94.3,83.6,137793,11219.6,101,1305493,83.6,4.4,1.5,13108.2,11219.6
Apr-07,101.4,41.3,320.4,151951,44315,1470,,7937.8,-0.4,-0.6,75.9,-0.4,94.4,83.8,137842,11251.8,101.7,1303242,83.8,4.5,1.5,13127.2,11251.8
May-07,101.4,41.2,307.5,152241,43491,1493,,7930,0,-0.5,77.6,-0.2,94.5,84,137993,11260,101.8,1311962,84,4.4,1.5,13132.7,11260
Jun-07,101.1,41.4,315.6,151529,43394,1407,,7949.5,0.6,-0.2,74.7,-0.2,94.5,84.4,138069,11255.8,101.8,1310470,84.4,4.6,1.5,13126.9,11255.8
Jul-07,100.9,41.3,313.2,151243,43326,1361,,7970.4,0.3,-0.3,81.5,0.2,94.4,84.5,138038,11259.3,101.7,1302662,84.5,4.7,1.5,13135.4,11259.3
Aug-07,100.4,41.3,319.9,154204,44236,1321,,8048.1,3.4,-0.4,73.7,-0.4,94.6,84.7,138015,11248.2,102,1319012,84.7,4.6,1.5,13136.1,11248.2
Sep-07,99.8,41.3,313.3,150459,43654,1261,,8037,3.3,-0.4,74.1,-0.6,94.7,85.1,138095,11260.5,102.2,1319652,85.1,4.7,1.5,13156.9,11260.5
Oct-07,99.2,41.2,328.5,151971,43230,1192,,8027.5,2.1,-0.2,70.1,-0.9,94.7,85.2,138174,11250,101.9,1326662,85.2,4.7,1.5,13145.8,11250
Nov-07,98.3,41.3,340.4,150804,43441,1224,,8012,4.3,-0.3,66.2,-1.3,94.8,85.3,138284,11242.4,102.5,1323441,85.3,4.7,1.5,13135.9,11242.4
Dec-07,97.3,41.1,349.4,151334,45247,1149,,8025.4,5.3,-0.1,65.6,-1.1,94.8,85.7,138392,11272.7,102.5,1312662,85.7,5,1.6,13183.8,11272.7
Jan-08,96.3,41.1,339.7,150048,45243,1094,,8041.3,3.1,-0.2,68.1,-1.5,94.8,85.7,138403,11262.9,102.3,1319262,85.7,5,1.6,13184.5,11262.9
Feb-08,95.2,41.2,345.4,148178,43881,1014,,8115.8,2.9,0.8,62.4,-2.1,94.6,86,138324,11263.2,101.9,1306654,86,4.9,1.6,13188.1,11263.2
Mar-08,93.8,41.3,368,146033,43796,967,,8162.6,5.5,0.9,60.1,-2.5,94.4,86.3,138275,11260.5,101.6,1289336,86.3,5.1,1.6,13197.5,11260.5
Apr-08,93.2,41.1,363.4,144616,45461,1008,,8193.1,5.1,1.4,53.3,-2.6,94.2,86.4,138035,11192.6,100.9,1302474,86.4,5,1.7,13158.4,11192.6
May-08,92.4,41,366.1,141567,44734,995,,8171,3.2,1.9,51.1,-2.7,93.9,85.8,137858,11146.1,100.3,1293471,85.8,5.4,1.8,13711.1,11146.1
Jun-08,91.8,41,383.2,141915,44226,1180,,8130.6,3.9,2.1,49.2,-2.9,93.7,86.2,137687,11086.6,100.1,1291741,86.2,5.6,1.9,13379.7,11086.6
Jul-08,89.6,41,417.1,136576,44062,921,,8141.5,4.6,2,53.5,-2.7,93.3,87,137491,11040.2,99.6,1269465,87,5.8,2,13161.1,11040.2
Aug-08,88.6,40.9,429.5,133588,42783,858,,8163.7,4.3,1.9,57.9,-2.1,92.9,87.4,137213,11090.4,98.1,1260142,87.4,6.1,2.2,13075.8,11090.4
Sep-08,86.7,40.5,463.9,130322,41170,797,,8229.7,6.5,1.9,67.2,-1.6,91.9,87.5,136753,11086.5,93.8,1229147,87.5,6.1,2.3,13082.7,11086.5
Oct-08,83.8,40.5,477.2,126548,37862,736,,8396.8,12,2.8,57,-2.6,91.8,87.7,136272,11152.7,94.7,1217693,87.7,6.5,2.6,13169.6,11152.7
Nov-08,81.4,40.1,527.4,122888,38799,626,,8550.8,9.2,3.1,53.9,-2.4,91.2,88.2,135545,11209.2,93.5,1184469,88.2,6.8,2.5,13260.4,11209.2
Dec-08,79,39.8,563.8,116699,35358,554,,8788,7,2.3,54,-2.5,90.3,88,134839,11080.1,90.8,1178034,88,7.3,2.9,13170.8,11080.1
Jan-09,77.4,39.7,589.3,112808,31568,545,,8874.4,3.7,2.4,57.8,-2.3,89.1,88.2,134055,10880.7,88.6,1153058,88.2,7.8,3.1,13042.1,10880.7
Feb-09,76.3,39.6,644,112183,31992,558,,8890,3.3,2.7,50.5,-3.1,88.5,87.7,133312,10704.9,88,1160215,87.7,8.3,3.5,12886.2,10704.9
Mar-09,74.9,39.3,659.1,109778,31412,513,,8970.5,3.1,2.6,53.5,-2.8,87.7,87.3,132512,10631.6,86.6,1136275,87.3,8.7,3.8,12848.9,10631.6
Apr-09,75.1,39.5,615.2,109381,30055,521,,8961.3,2.3,2.8,63.1,-1.8,87.3,86.9,131817,10616.3,85.9,1127427,86.9,9,4.1,12871.6,10616.3
May-09,75.4,39.3,614.5,109321,31088,556,,9013.7,1.2,3.1,69.4,-0.8,87.1,86.3,131475,10604.4,85.1,1127913,86.3,9.4,4.5,13036.5,10604.4
Jun-09,76,39.6,598,109389,32187,601,,8970.7,1.2,3.5,69.2,-1.1,86.7,85.7,131008,10521.3,84.8,1126129,85.7,9.5,5.1,12812.9,10521.3
Jul-09,76.5,39.9,562.2,111391,32578,595,,8974.8,0.5,3.4,63.2,-1.1,86.8,84.9,130668,10471.8,85.7,1142764,84.9,9.5,5.1,12765.3,10471.8
Aug-09,77.2,40,560.4,113087,31804,616,,8948.7,0.2,3.4,65,-0.7,86.8,84.7,130485,10447.2,86.7,1143418,84.7,9.6,5.1,12742.7,10447.2
Sep-09,77.9,40,541.2,112686,33844,609,,8933.4,-0.1,3.3,73.5,-0.4,86.8,84.3,130244,10440.6,87.4,1144772,84.3,9.8,5.5,12775.5,10440.6
Oct-09,78.3,40.2,523.5,114809,33213,583,,8928.2,0.3,3.3,68.6,-0.7,86.8,84.1,130045,10439.8,87.7,1150407,84.1,10,5.6,12736.5,10439.8
Nov-09,79.1,40.5,494,115747,33634,623,,8937.6,0.9,3.3,66.5,-0.8,87,83.6,130057,10473.5,88,1159044,83.6,9.9,5.7,12771.4,10473.5
Dec-09,79.9,40.6,475.1,115413,34832,664,,8926.9,-0.3,3.5,68.9,-0.3,87.1,83.3,129788,10505.3,88.3,1162939,83.3,9.9,5.8,12831.9,10505.3
Jan-10,80.4,40.8,485.9,119971,33311,636,,8867.9,-1.1,3.6,70.1,-0.3,87.1,83,129790,10490.4,89.3,1159614,83,9.8,5.8,12896.5,10490.4
Feb-10,80.4,40.5,485.8,116845,34069,650,,8920.3,-0.9,3.6,68.4,-0.9,87.2,83,129698,10486.8,89.6,1167271,83,9.8,5.8,12902,10486.8
Mar-10,81.7,41,470.1,119772,35956,687,,8904.7,-1.8,3.6,67.9,-0.6,87.5,82.9,129879,10528.8,90.2,1182072,82.9,9.9,5.9,12951,10528.8
Apr-10,82.1,41.1,461.8,120069,33280,637,,8931.9,-1.8,3.7,66.5,-0.4,87.9,82.6,130110,10638.3,90.6,1192644,82.6,9.9,5.9,13056.7,10638.3
May-10,82.4,41.4,461.5,120630,36380,575,,8986.5,0.6,3.2,68.8,-0.2,88.4,82.5,130650,10740.3,91.8,1188910,82.5,9.6,5.8,13159.2,10740.3
Jun-10,82.4,41,459.4,120882,37893,587,,9010.2,0.5,3,69.8,-0.7,88.6,82.5,130511,10755.6,92,1200366,82.5,9.4,5.8,13175.4,10755.6
Jul-10,82.5,41.1,460.6,124128,35879,579,,9012.5,-0.2,2.8,62.3,-1.1,88.7,82.9,130427,10789.1,92.4,1210538,82.9,9.4,5.7,13210.2,10789.1
Aug-10,82.7,41.2,474.9,124249,36968,580,,9052.8,-0.6,2.5,62.9,-0.9,88.8,83.2,130422,10811.4,92.7,1211152,83.2,9.5,5.5,13263.1,10811.4
Sep-10,83.2,41.5,452,125548,38132,563,,9076.3,-1.5,2.5,60.9,-1.3,88.8,83.5,130357,10823.9,92.9,1210964,83.5,9.5,5.5,13272.6,10823.9
Oct-10,83.1,41.2,447.1,123187,36495,558,,9098.6,-1.5,2.4,61.9,-1,89,83.4,130625,10840.6,92.7,1217216,83.4,9.4,5.6,13281.3,10840.6
Nov-10,83.9,41.3,426.4,125443,38377,560,,9102,-1.2,2.6,64.8,-0.8,89.1,83.3,130750,10859.1,92.8,1220690,83.3,9.8,5.6,13296.8,10859.1
Dec-10,84.9,41.3,416.6,125905,39326,632,,9114.3,-1.3,3.1,67.5,-0.3,89.5,84.1,130822,10936.4,93.6,1222861,84.1,9.3,5.6,13376.5,10936.4
Jan-11,84.9,41,430.3,125692,38584,576,,9108.7,-1.6,3.2,69.3,-0.1,89.9,83.7,130841,11108.7,93.5,1237849,83.7,9.1,5.5,13548.8,11108.7
Feb-11,85.6,41.4,401.5,123257,37320,542,,9149.1,-1.7,3.4,71.6,0.1,89.8,84,131053,11157.4,93.1,1220120,84,9,5.3,13586.6,11157.4
Mar-11,86.4,41.4,401.2,127291,39381,583,,9170.2,-1,3.3,57.9,-1,90.1,84.1,131288,11129.4,94,1234097,84.1,9,5.3,13553.7,11129.4
Apr-11,86.4,41.3,427.1,123937,38670,581,,9194.4,-1.1,3.4,61.6,-0.7,90.1,84.4,131602,11114,93.7,1229594,84.4,9.1,5.2,13530.5,11114
May-11,87,41.5,422.4,124082,39994,618,,9238.4,-0.7,3.1,69.5,-0.7,90.1,84.7,131703,11107.7,93.8,1219944,84.7,9,5.3,13513.3,11107.7
Jun-11,87,41.4,416.9,123737,39894,636,,9317.4,-0.5,2.9,64.7,-0.9,90.4,84.8,131939,11169.6,94.1,1232271,84.8,9.1,5.3,13569.7,11169.6
Jul-11,87.4,41.5,411.2,125149,40447,621,,9469.8,-1.2,2.9,55.9,-1.2,90.7,85,131999,11231.2,94.6,1237862,85,9,5.3,13622.8,11231.2
Aug-11,86.8,41.4,409.4,124296,40265,647,,9641.5,0.2,2.2,47.6,-2.3,90.8,85.1,132125,11227.2,95.2,1247048,85.1,9,5.4,13613.4,11227.2
Sep-11,86.4,41.3,415.6,123383,40886,610,,9649,0.2,1.9,49.4,-2.2,90.8,85.3,132358,11213.9,95.1,1238946,85.3,9,5.4,13595.9,11213.9
Oct-11,87,41.5,401.6,125881,41958,671,,9683,-0.3,2.1,51.7,-2.2,91.1,85.6,132562,11219.2,95.7,1254588,85.6,8.8,5.1,13603.8,11219.2
Nov-11,87.1,41.5,388.2,127484,40186,706,,9714.2,0.8,1.9,54.9,-1.6,91.1,85.8,132694,11211.6,95.7,1250048,85.8,8.6,5,13593.6,11211.6
Dec-11,87.5,41.6,374.7,129650,42730,697,,9756.8,0.9,1.9,63.6,-0.8,91.6,85.8,132896,11330.4,96.2,1261003,85.8,8.5,4.9,13721.8,11330.4
Jan-12,87.7,41.8,377.8,128145,41759,712,,9797.8,-0.2,1.9,69.1,-0.7,92,86.1,133250,11426.6,96.8,1268460,86.1,8.3,4.8,13776.9,11426.6
Feb-12,88.3,41.7,365,128912,43256,738,,9834,-0.7,1.9,70.3,-0.4,92.3,86.1,133512,11513.8,97.1,1273029,86.1,8.3,4.7,13861.2,11513.8
Mar-12,88.6,41.6,364.4,128684,42983,806,,9863.2,-0.8,2,69.8,-0.6,92.4,86.3,133752,11557.7,96.6,1271849,86.3,8.2,4.6,13914,11557.7
Apr-12,88.4,41.7,381.8,129591,41653,732,,9903.2,-0.4,1.9,72.3,-0.5,92.7,86.8,133834,11611.7,97.3,1275997,86.8,8.2,4.6,13973.6,11611.7
May-12,88.5,41.6,374.4,128796,42547,796,,9959.1,0.4,1.6,74.3,-0.4,92.8,87.1,133934,11611.5,97.5,1279867,87.1,8.2,4.6,13979,11611.5
Jun-12,88.1,41.7,379.7,127698,41137,794,,10027.8,-0.2,1.5,67.8,-0.9,92.8,87.2,134007,11604.5,97.5,1276299,87.2,8.2,4.7,13979.5,11604.5
Jul-12,88.3,41.7,372.5,128188,39871,849,,10081.5,-0.1,1.4,65.6,-0.8,92.8,87.7,134159,11527.4,97.7,1278728,87.7,8.2,4.5,13896,11527.4
Aug-12,87.9,41.5,373.3,127658,38974,840,,10107.6,-0.8,1.6,65.1,-1.1,92.7,88,134331,11513.6,97.3,1277591,88,8.1,4.5,13869.4,11513.6
Sep-12,88.3,41.5,384.7,128039,39174,930,,10154.6,-1.1,1.6,73.5,-0.5,92.9,88.1,134518,11610.1,97.2,1279516,88.1,7.8,4.4,13975.2,11610.1
Oct-12,88.5,41.5,368.4,128443,40472,887,,10187.5,-0.8,1.6,79,-0.2,93.1,88.2,134677,11712.4,97.5,1274571,88.2,7.8,4.4,14069.4,11712.4
Nov-12,88.4,41.5,403.9,130700,40517,917,,10257.3,-0.9,1.5,77.7,-0.3,93.8,88.3,134833,11891.6,98,1298060,88.3,7.7,4.2,14259.6,11891.6
Dec-12,88.8,41.7,354.9,127430,40931,941,,10389.9,-1,1.6,63.8,-1.2,94.5,88.6,135072,12227,98.2,1302868,88.6,7.9,4.3,14610.1,12227
Jan-13,89.3,41.7,352.3,129745,42766,940,,10395.2,-1.5,1.8,66.6,-1.1,93.4,89.8,135263,11508.4,98.2,1307206,89.8,8,4.2,13887.4,11508.4
Feb-13,89.5,41.9,347.7,130641,40588,980,,10369.2,-1,1.8,70.2,-0.7,93.6,89.9,135541,11481,98.6,1312035,89.9,7.7,4.2,13855.2,11481
Mar-13,89.3,41.9,354.7,127918,40537,936,,10448.9,-1,1.8,70.8,-1,93.6,90,135680,11517.6,99.1,1304969,90,7.5,4.1,13904.2,11517.6
Apr-13,89.8,41.8,346.9,131168,41369,1012,,10491.3,-0.7,1.6,67.8,-0.6,93.8,90.1,135871,11579.8,99,1303671,90.1,7.6,4.1,13957.8,11579.8
May-13,90.1,41.7,350.7,131305,42120,1003,,10523.8,-0.9,1.8,75.8,-0.1,94.1,90.2,136093,11631.4,99.1,1317695,90.2,7.5,4.1,14026.7,11631.4
Jun-13,90.2,41.8,344.4,131747,42257,942,,10552.9,-0.8,2.2,77.8,0.2,94.2,90.4,136274,11629.4,99.2,1314033,90.4,7.5,4,14028.5,11629.4
Jul-13,90.4,41.7,346.2,129480,40412,997,,10585.6,-1.2,2.5,76.5,0.1,94.1,90.7,136386,11605.4,98.9,1314276,90.7,7.3,3.9,14001.5,11605.4
Aug-13,90.9,41.9,331.8,131287,40154,964,,10623.1,-0.7,2.7,73.7,0,94.4,91,136628,11628.6,99.5,1319628,91,7.2,3.8,14028.3,11628.6
Sep-13,91.7,41.9,313.9,132644,40298,1004,,10669.9,-1.1,2.7,67.8,-0.1,94.6,91.5,136815,11681,100.1,1323701,91.5,7.2,3.8,14082.9,11681
Oct-13,91.7,41.9,352.1,133867,39451,1044,,10763.4,-1.2,2.5,62.5,-1.2,94.7,91.8,137040,11651.4,99.9,1331422,91.8,7.2,3.7,14048.8,11651.4
Nov-13,92.6,42,324.8,133925,41244,1029,,10751.9,-1.3,2.6,66.8,-0.9,95.1,91.8,137304,11696.8,100.2,1347662,91.8,6.9,3.7,14092.6,11696.8
Dec-13,92.6,41.9,346.2,130495,41001,1005,,10795.3,-1.7,2.8,72.1,-0.4,95.2,92.1,137373,11731.3,100.4,1342339,92.1,6.7,3.6,14131.2,11731.3
Jan-14,92.7,41.6,329,129784,41156,976,,10829.9,-1.2,2.8,71.2,-0.3,95.2,92.7,137548,11800.1,100,1328414,92.7,6.6,3.4,14206.3,11800.1
Feb-14,93.3,41.6,332.1,134514,40594,1039,,10914.1,-1.3,2.6,72.7,-0.4,95.6,92.8,137714,11870.5,100.8,1339979,92.8,6.7,3.5,14286.1,11870.5
Mar-14,94.2,42,321.6,133982,41400,1067,,10929.7,-1,2.6,70,-0.2,96,93.2,137968,11932.5,101.8,1350652,93.2,6.7,3.5,14360,11932.5
Apr-14,94.3,41.9,326.2,133016,40028,1090,,10959.3,-0.9,2.6,74.7,0,96.2,93.5,138293,11964.8,101.8,1352609,93.5,6.2,3.2,14405.2,11964.8
May-14,94.8,42.1,310.7,134835,39602,1018,,11005.1,-1.1,2.5,73.7,-0.1,96.4,93.7,138511,11992.7,102.2,1356343,93.7,6.3,3.1,14450.6,11992.7
Jun-14,95.5,42.1,313.4,135772,41838,1010,,11042.1,-1.6,2.5,73.5,-0.1,96.7,93.9,138837,12042.3,102.6,1355815,93.9,6.1,3,14510.9,12042.3
Jul-14,96,42,300.3,137730,40746,1076,,11080.5,-0.7,2.5,71.8,-0.2,96.9,93.9,139069,12084.9,102.8,1364444,93.9,6.2,3,14562.4,12084.9
Aug-14,96.1,42,303.7,134340,41125,1047,,11109.9,-0.6,2.3,71.3,0,97.1,94.3,139257,12150.3,102.6,1366998,94.3,6.1,2.9,14640.4,12150.3
Sep-14,96.8,42.2,294.9,135022,41491,1077,,11139.9,-0.7,2.4,75.4,0,97.4,94.5,139566,12196.4,103,1366811,94.5,5.9,2.8,14695.3,12196.4
Oct-14,97,42.1,285.4,135190,39232,1094,,11202.7,-0.6,2.2,79.6,0.3,97.6,94.7,139818,12256.6,103,1368570,94.7,5.7,2.7,14764.1,12256.6
Nov-14,97.3,42.2,294.6,133553,38113,1059,,11246.3,-1.3,2.2,79.9,0.1,97.9,94.9,140109,12329.2,103.7,1372234,94.9,5.8,2.7,14845,12329.2
Dec-14,97.9,42.1,284.7,134434,39724,1072,,11340.6,-1.1,2.1,86.4,0.4,98.2,95.2,140377,12407.9,103.6,1380177,95.2,5.6,2.6,14943.8,12407.9
Jan-15,97.9,42,286,133865,38635,1049,,11461.4,-0.8,1.8,91,0.9,98.4,95.5,140568,12507.6,102.8,1382524,95.5,5.7,2.6,15073,12507.6
Feb-15,98,42,301.3,131423,38211,1127,,11567,-1,1.9,88,0.5,98.5,95.9,140839,12552.5,102.2,1376941,95.9,5.5,2.5,15126.9,12552.5
Mar-15,98.4,41.8,284,134667,38450,1072,,11560.8,-0.7,1.9,85.3,0.5,98.4,96.2,140910,12508,101.9,1384614,96.2,5.4,2.4,15096,12508
Apr-15,98.8,41.8,282.3,134055,38244,1166,,11590.3,-0.8,1.8,88.8,0.4,98.6,96.3,141194,12543.1,101.3,1395091,96.3,5.4,2.3,15140.9,12543.1
May-15,99.2,41.8,275.5,133697,37149,1272,,11592.1,-0.3,2.1,84.2,0.1,98.6,96.7,141525,12569.3,100.8,1381123,96.7,5.6,2.4,15171.9,12569.3
Jun-15,99.8,41.8,274,134803,37827,1379,,11613.2,-0.5,2.2,87.8,0.5,98.6,97.3,141699,12576.4,100.5,1383784,97.3,5.3,2.3,15178,12576.4
Jul-15,99.4,41.8,272.3,135145,37649,1140,,11651.1,-0.2,2.2,84.1,0.1,98.9,97.6,142001,12599.2,101.2,1386840,97.6,5.2,2.2,15204.3,12599.2
Aug-15,99.4,41.8,276.4,134856,37633,1165,,11698,-0.1,2,83.4,0.3,99,97.7,142126,12626.8,100.9,1388664,97.7,5.1,2.2,15236.7,12626.8
Sep-15,99.4,41.7,268.2,137472,37411,1144,,11767.6,-0.2,2,78.2,0,99.2,98.3,142281,12662.8,100.6,1403145,98.3,5,2.1,15279.7,12662.8
Oct-15,99.7,41.8,267,134610,37342,1160,,11806,-0.7,2,82.1,0,99.3,98.5,142587,12700.2,100.2,1399866,98.5,5,2.1,15320.8,12700.2
Nov-15,100.1,41.8,268.3,134668,36662,1244,,11880.5,-0.7,2.1,82.9,0,99.2,98.9,142824,12693.8,99.4,1396940,98.9,5.1,2.1,15319.8,12693.8
Dec-15,100,41.8,269.3,137173,35908,1212,,11951.3,0,2,82.7,-0.2,99.3,98.3,143097,12742.9,98.8,1394894,98.3,5,2.1,15385.2,12742.9
Jan-16,99.3,41.9,280.8,133998,36515,1161,,12072.3,0.5,1.8,82.7,0,99.5,98.4,143205,12750.8,99.5,1395837,98.4,4.8,2,15397.1,12750.8
Feb-16,99.4,41.8,267.3,134039,36226,1187,,12158.1,0.3,1.4,81.9,-0.4,99.5,98.7,143417,12745.5,99,1407109,98.7,4.9,2.1,15406.8,12745.5
Mar-16,99.4,41.8,268,133109,35869,1114,,12192.2,-0.4,1.5,81.5,-0.1,99.6,99.2,143654,12744.8,98.2,1407621,99.2,5,2.1,15407,12744.8
Apr-16,99.7,41.8,263.6,133312,36050,1158,,12229.5,-0.3,1.4,77.6,-0.4,99.6,99.6,143851,12725.1,98.5,1405968,99.6,5.1,2.1,15385.9,12725.1
May-16,99.6,41.9,275,131757,35204,1196,,12275.5,0,1.4,84.9,-0.1,99.5,100.1,143892,12718.8,98.3,1398587,100.1,4.8,1.9,15382.2,12718.8
Jun-16,99.9,41.8,263.1,132147,35167,1208,,12316.4,-0.2,1.3,82.4,-0.1,99.8,99.9,144150,12735,98.7,1406826,99.9,4.9,2,15395.3,12735
Jul-16,100.2,42,262,132043,35327,1190,,12367.4,-0.8,1.1,77.8,-0.4,100,100.2,144521,12787.2,98.9,1405222,100.2,4.8,2,15453.2,12787.2
Aug-16,100.2,41.8,264.3,131998,36439,1205,,12424.7,-0.2,1.2,78.7,-0.1,100.1,100.3,144664,12793.2,98.7,1416348,100.3,4.9,1.9,15466.1,12793.2
Sep-16,100.5,41.9,249.6,131774,35031,1280,,12459.9,-0.2,1.2,82.7,0,100.3,100.6,144953,12829.9,98.6,1417950,100.6,5,2,15501.2,12829.9
Oct-16,100.3,41.9,259.2,131333,35036,1278,,12501.4,0.5,1.4,76.8,-0.4,100.5,100.7,145071,12840.6,98.7,1420099,100.7,4.9,2,15521.6,12840.6
Nov-16,100.5,41.9,248,131450,34952,1236,,12567.6,-0.3,1.7,85.2,0.1,100.6,101.1,145201,12880.6,98.2,1420567,101.1,4.7,1.9,15556.5,12880.6
Dec-16,101,41.9,250.9,130473,35044,1252,,12582.9,0.1,2,89.5,0.8,101,101.3,145415,12916.9,98.9,1437758,101.3,4.7,1.9,15591.9,12916.9
Jan-17,101.7,41.9,246.5,130100,35520,1301,,12606.7,0,1.8,90.3,0.6,101.1,101.5,145612,12957.1,98.7,1431582,101.5,4.7,1.9,15639.7,12957.1
Feb-17,102.1,41.9,242,130038,35687,1240,,12662.5,0.2,1.8,86.5,0.5,101.2,101.6,145795,13011.3,98.4,1428319,101.6,4.6,1.8,15695.5,13011.3
Mar-17,102.5,41.8,247.7,129818,35764,1285,,12734.8,0,1.7,86.5,0.8,101.4,101.8,145934,13062.7,99.1,1425497,101.8,4.4,1.7,15753,13062.7
Apr-17,102.6,41.9,243.5,128694,35895,1258,,12755.5,-0.4,1.4,87,0.6,101.6,102.1,146154,13084.2,100,1422919,102.1,4.5,1.7,15763.1,13084.2
May-17,103,41.9,239.8,130026,35972,1209,,12806.9,-0.6,1.4,87.7,0.5,101.9,102.1,146295,13172.8,100.1,1427911,102.1,4.4,1.7,15857.4,13172.8
Jun-17,103.6,42,241.5,128809,35329,1329,,12818.9,-0.8,1.2,83.8,0.3,102,102.3,146506,13177.4,100.3,1432684,102.3,4.3,1.6,15867.4,13177.4
Jul-17,103.8,42,244.1,127991,36006,1264,,12869.7,-0.5,1.2,80.5,0.6,102.2,102.5,146734,13222.2,100.2,1438238,102.5,4.3,1.7,15921.1,13222.2
Aug-17,104.1,42,253.8,129190,35995,1314,,12888.5,-0.1,1.1,87.7,0.7,102.3,102.9,146924,13244.2,99.7,1445591,102.9,4.4,1.7,15951.1,13244.2
Sep-17,104.3,41.9,262.9,129276,37478,1257,,12875,-0.4,1.1,84.4,0.4,102.5,102.8,146966,13275.7,99.7,1452359,102.8,4.2,1.7,15983.5,13275.7
Oct-17,105.6,42,237.1,130330,37210,1346,,12904.1,-0.8,1.2,90.5,1,102.9,102.9,147215,13324.6,101,1460463,102.9,4.1,1.6,16037.6,13324.6
Nov-17,106.1,42,239,131045,37111,1302,,12913.9,-1.4,1.2,88.9,1,103.3,103,147411,13381.5,101.3,1473085,103,4.2,1.6,16071.7,13381.5
Dec-17,106.7,41.8,238.2,132751,37198,1309,,12949,-1,1.1,84.3,0.7,103.5,103.4,147590,13421.9,101.4,1482650,103.4,4.1,1.5,16114.7,13421.9
Jan-18,107.3,41.8,234.3,132228,36902,1352,,12921.7,-0.7,1.2,86.3,0.6,103.4,103.8,147671,13421,101.4,1465400,103.8,4,1.5,16152.2,13421
Feb-18,108,42.2,221.3,133018,37282,1332,,12934.9,0.2,1.4,90,0.8,103.7,104,148049,13450.4,101.6,1469823,104,4.1,1.4,16181.2,13450.4
Mar-18,108.4,42.2,225.8,133417,36885,1407,,12967,0.4,1.3,88.8,0.6,103.9,104.1,148244,13475.9,102.3,1467346,104.1,4,1.4,16215.7,13475.9
Apr-18,108.9,42.3,221.9,133856,37628,1391,,12963.2,0,1.2,88.4,0.6,104.1,104.5,148397,13486.7,103.4,1467032,104.5,4,1.5,16226.4,13486.7
May-18,108.9,42,223.9,132830,38306,1331,,12999.6,-0.9,1.3,89.1,0.9,104.2,104.9,148667,13519,102.5,1475638,104.9,3.8,1.3,16262,13519
Jun-18,109.6,42.1,221.7,133738,38781,1320,,13038.3,-0.6,1.1,86.3,0.6,104.5,105,148881,13565.3,103.3,1473756,105,4,1.4,16312.9,13565.3
Jul-18,110.3,42.2,216.5,133093,39556,1328,,13055.1,-0.6,1,87.3,0.5,104.7,104.9,149030,13632.3,103.5,1475209,104.9,3.8,1.5,16385.8,13632.3
Aug-18,110.5,42.1,213,132805,38302,1264,,13086.5,-0.8,1,87.1,0.7,105.1,105.1,149259,13683.1,104.2,1482301,105.1,3.8,1.4,16441.5,13683.1
Sep-18,111.2,42.1,213.1,134121,37986,1289,,13087.2,-1,1.1,90.5,0.9,105.1,105.2,149364,13673.9,104.1,1481916,105.2,3.7,1.4,16426.7,13673.9
Oct-18,111.1,42.1,215.5,132346,38323,1275,,13066.7,-0.8,1,89.3,1.1,105.2,105.7,149576,13682.5,104,1478780,105.7,3.8,1.4,16441,13682.5
Nov-18,111.1,42,226,130872,36655,1318,,13075.1,-0.8,0.9,88.1,0.7,105.4,106.1,149668,13707.1,103.9,1477080,106.1,3.8,1.3,16460.7,13707.1
Dec-18,111.1,42.1,216.4,130919,36956,1338,,13188.3,0.1,0.6,87,0.3,105.7,106.4,149908,13877.3,103.9,1476549,106.4,3.9,1.4,16641.1,13877.3
Jan-19,111,41.9,222.9,129471,37304,1295,,13259.2,-0.5,0.3,79.9,-0.5,105.9,106.9,150145,13852.8,103.3,1484508,106.9,4,1.3,16683.4,13852.8
Feb-19,111.1,41.7,222.5,129780,36911,1304,,13285.7,-0.9,0.3,84.4,0.4,105.9,107.1,150095,13893.2,102.7,1483800,107.1,3.8,1.4,16729.1,13893.2
Mar-19,111.5,41.7,217,129046,37589,1316,,13292.9,-1,0.2,88.8,0.5,106,107.4,150263,13899.6,102.9,1483449,107.4,3.8,1.4,16740.3,13899.6
Apr-19,111.5,41.6,215.6,128183,37182,1337,,13273.5,-1.6,0.1,87.4,0.5,105.8,107.6,150482,13857.1,102.3,1469179,107.6,3.7,1.3,16697.9,13857.1
May-19,111.4,41.5,217,128270,36835,1337,,13355.9,-1.2,0,93.5,0.9,105.9,107.4,150545,13850.1,102.5,1473415,107.4,3.7,1.3,16699.5,13850.1
Jun-19,111.5,41.6,221.6,130351,37303,1276,,13452.5,-1.6,-0.3,89.3,0.3,106.1,107.8,150720,13852.5,102.4,1485563,107.8,3.6,1.3,16710.5,13852.5
Jul-19,112,41.5,213.6,129436,37063,1369,,13498.1,-1.5,-0.3,90.5,0.9,106.1,108.5,150913,13847.9,102.1,1485053,108.5,3.6,1.3,16709,13847.9
Aug-19,111.8,41.5,216.7,129815,36933,1479,,13561.1,-0.5,-0.5,79.9,0.3,106.5,107.9,151108,13912.4,102.7,1493174,107.9,3.7,1.3,16779.6,13912.4
Sep-19,111.7,41.5,213.2,129678,36663,1439,,13633.9,-0.7,-0.3,83.4,0.1,106.5,108.1,151329,13933,102.3,1491257,108.1,3.5,1.3,16805.4,13933
Oct-19,111.4,41.4,214.9,127340,36919,1509,,13715.8,-0.2,-0.1,84.2,0.1,106.5,108.4,151524,13946.6,101.5,1482087,108.4,3.6,1.3,16824.4,13946.6
Nov-19,111.6,41.4,215.9,128535,36623,1509,,13793.6,-0.8,0.3,87.3,0.3,106.9,108.8,151758,14023,102,1488074,108.8,3.6,1.3,16897.3,14023
Dec-19,111.4,41.4,225.9,128435,36522,1453,,13833.3,-1.1,0.3,88.9,0.6,106.9,108.8,151919,13996.3,101.6,1485052,108.8,3.6,1.2,16856.5,13996.3
Jan-20,112,41.4,209.9,127313,36884,1550,,13879.7,-1.2,0.2,90.5,0.6,107.1,108.5,152234,14112.4,101.1,1486517,108.5,3.5,1.2,17003.2,14112.4
Feb-20,111.9,41.7,214,126811,36330,1478,,13928.4,-1.1,-0.1,92.1,1,107.4,108.9,152523,14223.6,101.3,1491663,108.9,3.5,1.2,17111.9,14223.6
Mar-20,103.4,41.3,2666.7,120603,35872,1382,,14450.5,2.3,0.2,79.7,-0.7,105.2,111.2,150840,13869.6,97.4,1432305,111.2,4.4,1.2,16828.5,13869.6
Apr-20,96.8,38.5,4180.7,102341,33448,1094,,15460.2,2.6,0.6,70.1,-0.8,92.8,115.4,130161,13084.6,84.2,1267304,115.4,14.8,1.1,19028.4,13084.6
May-20,99.8,39.4,2288.3,107871,34244,1246,,16206.2,1.9,0.6,65.9,-0.6,95.2,112.6,132994,13321.6,85.8,1368553,112.6,13.3,1.4,18232.4,13321.6
Jun-20,102.8,39.9,1499.2,121398,35922,1296,,16386.6,1.4,0.7,72.3,-0.2,98.9,109.1,137840,13540.1,91.2,1473373,109.1,11.1,2,17984.9,13540.1
Jul-20,104.9,40.7,1339,128225,36915,1542,,16468.7,0.8,0.5,65.9,-0.8,100.8,107.9,139566,13675.9,94.9,1512209,107.9,10.2,5,18092.9,13675.9
Aug-20,106.5,41.1,990.2,126846,37746,1522,,16473.7,0,0.6,68.5,-0.8,101.8,107.5,141149,13820.1,95.9,1515433,107.5,8.4,5.1,17509.3,13820.1
Sep-20,107.5,41.2,826.2,126752,38158,1589,,16647.8,-0.2,0.6,75.6,0,102.3,107,141865,13957.5,95.6,1524622,107,7.8,4.6,17608.7,13957.5
Oct-20,108.2,41.3,790.8,127577,38724,1595,,16772.9,-0.5,0.7,79.2,0,103,106.3,142545,14151,96.6,1539562,106.3,6.9,3.8,17561,14151
Nov-20,109.2,41.3,735.5,128221,39202,1696,,16959.2,-1.6,0.8,70.5,-0.8,103,106.4,142809,14113.6,97.2,1536717,106.4,6.7,3.6,17385.3,14113.6
Dec-20,109.6,41.3,804.9,129266,39722,1758,,17046.4,-1.6,0.8,74.6,-0.7,103,106.9,142503,14117.6,98.3,1530635,106.9,6.7,3.4,17432,14117.6
Jan-21,110.1,41.6,865.7,128236,40014,1883,,17227.8,-0.9,1,74,-0.2,103.7,104.1,142736,14029.2,99.4,1579345,104.1,6.3,3.4,19103.2,14029.2
Feb-21,110.1,41.4,804.5,123900,39796,1726,,17422,-1.1,1.2,70.7,-0.1,103,106.7,143272,14025.9,96.4,1531244,106.7,6.2,3.5,17678.5,14025.9
Mar-21,111.5,41.7,721.6,124640,40351,1755,,17542.1,-1.7,1.5,79.7,0.8,104.4,102,144057,14120.8,99.2,1591781,102,6,3.5,21267.5,14120.8
Apr-21,113.1,41.6,562.2,121017,41201,1733,,17632.2,-2.8,1.6,82.7,0.7,104.5,105.1,144326,14142,99.2,1585058,105.1,6.1,3.3,18274.6,14142
May-21,114.6,41.6,428.5,119172,41164,1683,,17767.3,-3.1,1.6,78.8,0.4,104.6,105.8,144940,14152.5,99.9,1551428,105.8,5.8,3.1,17787.2,14152.5
Jun-21,115.4,41.4,396.8,118511,41256,1594,,17694.8,-3.6,1.4,83.5,0.9,105.1,105.7,145902,14170.6,100.4,1559335,105.7,5.9,3.3,17721.9,14170.6
Jul-21,116.4,41.5,394.7,119200,41057,1630,,17750.7,-2.5,1.2,79,0.5,105.7,106.1,146993,14213.8,101.4,1558426,106.1,5.4,2.9,17837.6,14213.8
Aug-21,117.3,41.5,356.2,117631,41089,1721,,17908.5,-2.2,1.2,65.1,-0.7,105.8,106.2,147359,14192.5,101.3,,106.2,5.2,2.7,17812.6,14192.5
Sep-21,117.5,41.4,344.7,,,1589,,17990.8,-1.1,1.3,68.1,-0.6,105.8,106.5,147553,14215.6,100,,106.5,4.8,2.3,17570.5,14215.6
